[
  {
    "name": "Appetizer",
    "description": "Sed consequat, sapien in scelerisque egestas, neque nisi dapibus magna, non malesuada lectus ligula vel justo. Vestibulum felis nisi, tincidunt eu est quis, faucibus tincidunt ante.",
    "priority": 1,
    "status": 1
  },
  {
    "name": "Main Course",
    "description": "",
    "priority": 6,
    "status": 1
  },
  {
    "name": "Salads",
    "description": "Etiam tristique pretium enim, vel convallis sem fermentum eget. Donec porta risus vestibulum elit gravida ornare. Quisque neque mi, tincidunt quis leo eget, ornare aliquam nulla. Morbi at lacinia lorem. Aenean at accumsan turpis.",
    "priority": 3,
    "status": 1
  },
  {
    "name": "Seafoods",
    "description": "Morbi blandit massa et massa ornare, sed aliquam risus suscipit. Suspendisse et felis vitae ex pulvinar dictum et non dui. Suspendisse ullamcorper diam ac aliquet malesuada. Duis auctor nisi turpis, a ornare nisi auctor sit amet. Suspendisse imperdiet magna accumsan libero laoreet, consectetur sollicitudin sem maximus.",
    "priority": 4,
    "status": 1
  },
  {
    "name": "Traditional",
    "description": "Vivamus interdum erat ac aliquam porttitor. Morbi malesuada ligula non elit sagittis, et facilisis dolor porta. Aenean aliquet leo eu massa tempor varius. Donec a erat massa. Praesent vitae libero a ligula auctor laoreet.",
    "priority": 5,
    "status": 1
  },
  {
    "name": "Desserts",
    "description": "",
    "priority": 8,
    "status": 1
  },
  {
    "name": "Drinks",
    "description": "",
    "priority": 9,
    "status": 1
  },
  {
    "name": "Specials",
    "description": "Praesent nec velit faucibus, consequat justo eu, malesuada est. Aenean leo ipsum, venenatis nec dapibus ullamcorper, volutpat eget leo. Phasellus nec ipsum lorem. Etiam nec ullamcorper augue. Phasellus mauris turpis, consequat et rutrum at, bibendum eu mi.",
    "priority": 2,
    "status": 1
  }
]