[
  {
    "currency_name": "Afghani",
    "currency_code": "AFN",
    "currency_symbol": "؋",
    "currency_rate": 0,
    "symbol_position": 0,
    "thousand_sign": ",",
    "decimal_sign": ".",
    "decimal_position": "2",
    "iso_alpha2": "AF",
    "iso_alpha3": "AFG",
    "iso_numeric": 4,
    "currency_status": 0,
    "date_modified": "2017-10-03 19:08:49"
  },
  {
    "currency_name": "Lek",
    "currency_code": "ALL",
    "currency_symbol": "Lek",
    "currency_rate": 0,
    "symbol_position": 0,
    "thousand_sign": ",",
    "decimal_sign": ".",
    "decimal_position": "2",
    "iso_alpha2": "AL",
    "iso_alpha3": "ALB",
    "iso_numeric": 8,
    "currency_status": 0,
    "date_modified": "2017-10-03 19:08:49"
  },
  {
    "currency_name": "Dinar",
    "currency_code": "DZD",
    "currency_symbol": "د.ج",
    "currency_rate": 0,
    "symbol_position": 0,
    "thousand_sign": ",",
    "decimal_sign": ".",
    "decimal_position": "2",
    "iso_alpha2": "DZ",
    "iso_alpha3": "DZA",
    "iso_numeric": 12,
    "currency_status": 0,
    "date_modified": "2017-10-03 19:08:49"
  },
  {
    "currency_name": "Dollar",
    "currency_code": "USD",
    "currency_symbol": "$",
    "currency_rate": 0,
    "symbol_position": 0,
    "thousand_sign": ",",
    "decimal_sign": ".",
    "decimal_position": "2",
    "iso_alpha2": "AS",
    "iso_alpha3": "ASM",
    "iso_numeric": 16,
    "currency_status": 0,
    "date_modified": "2017-10-03 19:08:49"
  },
  {
    "currency_name": "Euro",
    "currency_code": "EUR",
    "currency_symbol": "€",
    "currency_rate": 0,
    "symbol_position": 0,
    "thousand_sign": ",",
    "decimal_sign": ".",
    "decimal_position": "2",
    "iso_alpha2": "AD",
    "iso_alpha3": "AND",
    "iso_numeric": 20,
    "currency_status": 0,
    "date_modified": "2017-10-03 19:08:49"
  },
  {
    "currency_name": "Kwanza",
    "currency_code": "AOA",
    "currency_symbol": "Kz",
    "currency_rate": 0,
    "symbol_position": 0,
    "thousand_sign": ",",
    "decimal_sign": ".",
    "decimal_position": "2",
    "iso_alpha2": "AO",
    "iso_alpha3": "AGO",
    "iso_numeric": 24,
    "currency_status": 0,
    "date_modified": "2017-10-03 19:08:49"
  },
  {
    "currency_name": "Dollar",
    "currency_code": "XCD",
    "currency_symbol": "$",
    "currency_rate": 0,
    "symbol_position": 0,
    "thousand_sign": ",",
    "decimal_sign": ".",
    "decimal_position": "2",
    "iso_alpha2": "AI",
    "iso_alpha3": "AIA",
    "iso_numeric": 660,
    "currency_status": 0,
    "date_modified": "2017-10-03 19:08:49"
  },
  {
    "currency_name": "Antarctican",
    "currency_code": "AQD",
    "currency_symbol": "A$",
    "currency_rate": 0,
    "symbol_position": 0,
    "thousand_sign": ",",
    "decimal_sign": ".",
    "decimal_position": "2",
    "iso_alpha2": "AQ",
    "iso_alpha3": "ATA",
    "iso_numeric": 10,
    "currency_status": 0,
    "date_modified": "2017-10-03 19:08:49"
  },
  {
    "currency_name": "Dollar",
    "currency_code": "XCD",
    "currency_symbol": "$",
    "currency_rate": 0,
    "symbol_position": 0,
    "thousand_sign": ",",
    "decimal_sign": ".",
    "decimal_position": "2",
    "iso_alpha2": "AG",
    "iso_alpha3": "ATG",
    "iso_numeric": 28,
    "currency_status": 0,
    "date_modified": "2017-10-03 19:08:49"
  },
  {
    "currency_name": "Peso",
    "currency_code": "ARS",
    "currency_symbol": "$",
    "currency_rate": 0,
    "symbol_position": 0,
    "thousand_sign": ",",
    "decimal_sign": ".",
    "decimal_position": "2",
    "iso_alpha2": "AR",
    "iso_alpha3": "ARG",
    "iso_numeric": 32,
    "currency_status": 0,
    "date_modified": "2017-10-03 19:08:49"
  },
  {
    "currency_name": "Dram",
    "currency_code": "AMD",
    "currency_symbol": "դր.",
    "currency_rate": 0,
    "symbol_position": 0,
    "thousand_sign": ",",
    "decimal_sign": ".",
    "decimal_position": "2",
    "iso_alpha2": "AM",
    "iso_alpha3": "ARM",
    "iso_numeric": 51,
    "currency_status": 0,
    "date_modified": "2017-10-03 19:08:49"
  },
  {
    "currency_name": "Guilder",
    "currency_code": "AWG",
    "currency_symbol": "ƒ",
    "currency_rate": 0,
    "symbol_position": 0,
    "thousand_sign": ",",
    "decimal_sign": ".",
    "decimal_position": "2",
    "iso_alpha2": "AW",
    "iso_alpha3": "ABW",
    "iso_numeric": 533,
    "currency_status": 0,
    "date_modified": "2017-10-03 19:08:49"
  },
  {
    "currency_name": "Dollar",
    "currency_code": "AUD",
    "currency_symbol": "$",
    "currency_rate": 0,
    "symbol_position": 0,
    "thousand_sign": ",",
    "decimal_sign": ".",
    "decimal_position": "2",
    "iso_alpha2": "AU",
    "iso_alpha3": "AUS",
    "iso_numeric": 36,
    "currency_status": 1,
    "date_modified": "2017-10-03 19:08:49"
  },
  {
    "currency_name": "Euro",
    "currency_code": "EUR",
    "currency_symbol": "€",
    "currency_rate": 0,
    "symbol_position": 0,
    "thousand_sign": ",",
    "decimal_sign": ".",
    "decimal_position": "2",
    "iso_alpha2": "AT",
    "iso_alpha3": "AUT",
    "iso_numeric": 40,
    "currency_status": 0,
    "date_modified": "2017-10-03 19:08:49"
  },
  {
    "currency_name": "Manat",
    "currency_code": "AZN",
    "currency_symbol": "ман",
    "currency_rate": 0,
    "symbol_position": 0,
    "thousand_sign": ",",
    "decimal_sign": ".",
    "decimal_position": "2",
    "iso_alpha2": "AZ",
    "iso_alpha3": "AZE",
    "iso_numeric": 31,
    "currency_status": 0,
    "date_modified": "2017-10-03 19:08:49"
  },
  {
    "currency_name": "Dollar",
    "currency_code": "BSD",
    "currency_symbol": "$",
    "currency_rate": 0,
    "symbol_position": 0,
    "thousand_sign": ",",
    "decimal_sign": ".",
    "decimal_position": "2",
    "iso_alpha2": "BS",
    "iso_alpha3": "BHS",
    "iso_numeric": 44,
    "currency_status": 0,
    "date_modified": "2017-10-03 19:08:49"
  },
  {
    "currency_name": "Dinar",
    "currency_code": "BHD",
    "currency_symbol": ".د.",
    "currency_rate": 0,
    "symbol_position": 0,
    "thousand_sign": ",",
    "decimal_sign": ".",
    "decimal_position": "2",
    "iso_alpha2": "BH",
    "iso_alpha3": "BHR",
    "iso_numeric": 48,
    "currency_status": 0,
    "date_modified": "2017-10-03 19:08:49"
  },
  {
    "currency_name": "Taka",
    "currency_code": "BDT",
    "currency_symbol": "৳",
    "currency_rate": 0,
    "symbol_position": 0,
    "thousand_sign": ",",
    "decimal_sign": ".",
    "decimal_position": "2",
    "iso_alpha2": "BD",
    "iso_alpha3": "BGD",
    "iso_numeric": 50,
    "currency_status": 0,
    "date_modified": "2017-10-03 19:08:49"
  },
  {
    "currency_name": "Dollar",
    "currency_code": "BBD",
    "currency_symbol": "$",
    "currency_rate": 0,
    "symbol_position": 0,
    "thousand_sign": ",",
    "decimal_sign": ".",
    "decimal_position": "2",
    "iso_alpha2": "BB",
    "iso_alpha3": "BRB",
    "iso_numeric": 52,
    "currency_status": 0,
    "date_modified": "2017-10-03 19:08:49"
  },
  {
    "currency_name": "Ruble",
    "currency_code": "BYR",
    "currency_symbol": "p.",
    "currency_rate": 0,
    "symbol_position": 0,
    "thousand_sign": ",",
    "decimal_sign": ".",
    "decimal_position": "2",
    "iso_alpha2": "BY",
    "iso_alpha3": "BLR",
    "iso_numeric": 112,
    "currency_status": 0,
    "date_modified": "2017-10-03 19:08:49"
  },
  {
    "currency_name": "Euro",
    "currency_code": "EUR",
    "currency_symbol": "€",
    "currency_rate": 0,
    "symbol_position": 0,
    "thousand_sign": ",",
    "decimal_sign": ".",
    "decimal_position": "2",
    "iso_alpha2": "BE",
    "iso_alpha3": "BEL",
    "iso_numeric": 56,
    "currency_status": 0,
    "date_modified": "2017-10-03 19:08:49"
  },
  {
    "currency_name": "Dollar",
    "currency_code": "BZD",
    "currency_symbol": "BZ$",
    "currency_rate": 0,
    "symbol_position": 0,
    "thousand_sign": ",",
    "decimal_sign": ".",
    "decimal_position": "2",
    "iso_alpha2": "BZ",
    "iso_alpha3": "BLZ",
    "iso_numeric": 84,
    "currency_status": 0,
    "date_modified": "2017-10-03 19:08:49"
  },
  {
    "currency_name": "Franc",
    "currency_code": "XOF",
    "currency_symbol": "",
    "currency_rate": 0,
    "symbol_position": 0,
    "thousand_sign": ",",
    "decimal_sign": ".",
    "decimal_position": "2",
    "iso_alpha2": "BJ",
    "iso_alpha3": "BEN",
    "iso_numeric": 204,
    "currency_status": 0,
    "date_modified": "2017-10-03 19:08:49"
  },
  {
    "currency_name": "Dollar",
    "currency_code": "BMD",
    "currency_symbol": "$",
    "currency_rate": 0,
    "symbol_position": 0,
    "thousand_sign": ",",
    "decimal_sign": ".",
    "decimal_position": "2",
    "iso_alpha2": "BM",
    "iso_alpha3": "BMU",
    "iso_numeric": 60,
    "currency_status": 0,
    "date_modified": "2017-10-03 19:08:49"
  },
  {
    "currency_name": "Ngultrum",
    "currency_code": "BTN",
    "currency_symbol": "Nu.",
    "currency_rate": 0,
    "symbol_position": 0,
    "thousand_sign": ",",
    "decimal_sign": ".",
    "decimal_position": "2",
    "iso_alpha2": "BT",
    "iso_alpha3": "BTN",
    "iso_numeric": 64,
    "currency_status": 0,
    "date_modified": "2017-10-03 19:08:49"
  },
  {
    "currency_name": "Boliviano",
    "currency_code": "BOB",
    "currency_symbol": "$b",
    "currency_rate": 0,
    "symbol_position": 0,
    "thousand_sign": ",",
    "decimal_sign": ".",
    "decimal_position": "2",
    "iso_alpha2": "BO",
    "iso_alpha3": "BOL",
    "iso_numeric": 68,
    "currency_status": 0,
    "date_modified": "2017-10-03 19:08:49"
  },
  {
    "currency_name": "Marka",
    "currency_code": "BAM",
    "currency_symbol": "KM",
    "currency_rate": 0,
    "symbol_position": 0,
    "thousand_sign": ",",
    "decimal_sign": ".",
    "decimal_position": "2",
    "iso_alpha2": "BA",
    "iso_alpha3": "BIH",
    "iso_numeric": 70,
    "currency_status": 0,
    "date_modified": "2017-10-03 19:08:49"
  },
  {
    "currency_name": "Pula",
    "currency_code": "BWP",
    "currency_symbol": "P",
    "currency_rate": 0,
    "symbol_position": 0,
    "thousand_sign": ",",
    "decimal_sign": ".",
    "decimal_position": "2",
    "iso_alpha2": "BW",
    "iso_alpha3": "BWA",
    "iso_numeric": 72,
    "currency_status": 0,
    "date_modified": "2017-10-03 19:08:49"
  },
  {
    "currency_name": "Krone",
    "currency_code": "NOK",
    "currency_symbol": "kr",
    "currency_rate": 0,
    "symbol_position": 0,
    "thousand_sign": ",",
    "decimal_sign": ".",
    "decimal_position": "2",
    "iso_alpha2": "BV",
    "iso_alpha3": "BVT",
    "iso_numeric": 74,
    "currency_status": 0,
    "date_modified": "2017-10-03 19:08:49"
  },
  {
    "currency_name": "Real",
    "currency_code": "BRL",
    "currency_symbol": "R$",
    "currency_rate": 0,
    "symbol_position": 0,
    "thousand_sign": ",",
    "decimal_sign": ".",
    "decimal_position": "2",
    "iso_alpha2": "BR",
    "iso_alpha3": "BRA",
    "iso_numeric": 76,
    "currency_status": 0,
    "date_modified": "2017-10-03 19:08:49"
  },
  {
    "currency_name": "Dollar",
    "currency_code": "USD",
    "currency_symbol": "$",
    "currency_rate": 0,
    "symbol_position": 0,
    "thousand_sign": ",",
    "decimal_sign": ".",
    "decimal_position": "2",
    "iso_alpha2": "IO",
    "iso_alpha3": "IOT",
    "iso_numeric": 86,
    "currency_status": 0,
    "date_modified": "2017-10-03 19:08:49"
  },
  {
    "currency_name": "Dollar",
    "currency_code": "USD",
    "currency_symbol": "$",
    "currency_rate": 0,
    "symbol_position": 0,
    "thousand_sign": ",",
    "decimal_sign": ".",
    "decimal_position": "2",
    "iso_alpha2": "VG",
    "iso_alpha3": "VGB",
    "iso_numeric": 92,
    "currency_status": 0,
    "date_modified": "2017-10-03 19:08:49"
  },
  {
    "currency_name": "Dollar",
    "currency_code": "BND",
    "currency_symbol": "$",
    "currency_rate": 0,
    "symbol_position": 0,
    "thousand_sign": ",",
    "decimal_sign": ".",
    "decimal_position": "2",
    "iso_alpha2": "BN",
    "iso_alpha3": "BRN",
    "iso_numeric": 96,
    "currency_status": 0,
    "date_modified": "2017-10-03 19:08:49"
  },
  {
    "currency_name": "Lev",
    "currency_code": "BGN",
    "currency_symbol": "лв",
    "currency_rate": 0,
    "symbol_position": 0,
    "thousand_sign": ",",
    "decimal_sign": ".",
    "decimal_position": "2",
    "iso_alpha2": "BG",
    "iso_alpha3": "BGR",
    "iso_numeric": 100,
    "currency_status": 0,
    "date_modified": "2017-10-03 19:08:49"
  },
  {
    "currency_name": "Franc",
    "currency_code": "XOF",
    "currency_symbol": "",
    "currency_rate": 0,
    "symbol_position": 0,
    "thousand_sign": ",",
    "decimal_sign": ".",
    "decimal_position": "2",
    "iso_alpha2": "BF",
    "iso_alpha3": "BFA",
    "iso_numeric": 854,
    "currency_status": 0,
    "date_modified": "2017-10-03 19:08:49"
  },
  {
    "currency_name": "Franc",
    "currency_code": "BIF",
    "currency_symbol": "Fr",
    "currency_rate": 0,
    "symbol_position": 0,
    "thousand_sign": ",",
    "decimal_sign": ".",
    "decimal_position": "2",
    "iso_alpha2": "BI",
    "iso_alpha3": "BDI",
    "iso_numeric": 108,
    "currency_status": 0,
    "date_modified": "2017-10-03 19:08:49"
  },
  {
    "currency_name": "Riels",
    "currency_code": "KHR",
    "currency_symbol": "៛",
    "currency_rate": 0,
    "symbol_position": 0,
    "thousand_sign": ",",
    "decimal_sign": ".",
    "decimal_position": "2",
    "iso_alpha2": "KH",
    "iso_alpha3": "KHM",
    "iso_numeric": 116,
    "currency_status": 0,
    "date_modified": "2017-10-03 19:08:49"
  },
  {
    "currency_name": "Franc",
    "currency_code": "XAF",
    "currency_symbol": "FCF",
    "currency_rate": 0,
    "symbol_position": 0,
    "thousand_sign": ",",
    "decimal_sign": ".",
    "decimal_position": "2",
    "iso_alpha2": "CM",
    "iso_alpha3": "CMR",
    "iso_numeric": 120,
    "currency_status": 0,
    "date_modified": "2017-10-03 19:08:49"
  },
  {
    "currency_name": "Dollar",
    "currency_code": "CAD",
    "currency_symbol": "$",
    "currency_rate": 0,
    "symbol_position": 0,
    "thousand_sign": ",",
    "decimal_sign": ".",
    "decimal_position": "2",
    "iso_alpha2": "CA",
    "iso_alpha3": "CAN",
    "iso_numeric": 124,
    "currency_status": 0,
    "date_modified": "2017-10-03 19:08:49"
  },
  {
    "currency_name": "Escudo",
    "currency_code": "CVE",
    "currency_symbol": "",
    "currency_rate": 0,
    "symbol_position": 0,
    "thousand_sign": ",",
    "decimal_sign": ".",
    "decimal_position": "2",
    "iso_alpha2": "CV",
    "iso_alpha3": "CPV",
    "iso_numeric": 132,
    "currency_status": 0,
    "date_modified": "2017-10-03 19:08:49"
  },
  {
    "currency_name": "Dollar",
    "currency_code": "KYD",
    "currency_symbol": "$",
    "currency_rate": 0,
    "symbol_position": 0,
    "thousand_sign": ",",
    "decimal_sign": ".",
    "decimal_position": "2",
    "iso_alpha2": "KY",
    "iso_alpha3": "CYM",
    "iso_numeric": 136,
    "currency_status": 0,
    "date_modified": "2017-10-03 19:08:49"
  },
  {
    "currency_name": "Franc",
    "currency_code": "XAF",
    "currency_symbol": "FCF",
    "currency_rate": 0,
    "symbol_position": 0,
    "thousand_sign": ",",
    "decimal_sign": ".",
    "decimal_position": "2",
    "iso_alpha2": "CF",
    "iso_alpha3": "CAF",
    "iso_numeric": 140,
    "currency_status": 0,
    "date_modified": "2017-10-03 19:08:49"
  },
  {
    "currency_name": "Franc",
    "currency_code": "XAF",
    "currency_symbol": "",
    "currency_rate": 0,
    "symbol_position": 0,
    "thousand_sign": ",",
    "decimal_sign": ".",
    "decimal_position": "2",
    "iso_alpha2": "TD",
    "iso_alpha3": "TCD",
    "iso_numeric": 148,
    "currency_status": 0,
    "date_modified": "2017-10-03 19:08:49"
  },
  {
    "currency_name": "Peso",
    "currency_code": "CLP",
    "currency_symbol": "",
    "currency_rate": 0,
    "symbol_position": 0,
    "thousand_sign": ",",
    "decimal_sign": ".",
    "decimal_position": "2",
    "iso_alpha2": "CL",
    "iso_alpha3": "CHL",
    "iso_numeric": 152,
    "currency_status": 0,
    "date_modified": "2017-10-03 19:08:49"
  },
  {
    "currency_name": "Yuan Renminbi",
    "currency_code": "CNY",
    "currency_symbol": "¥",
    "currency_rate": 0,
    "symbol_position": 0,
    "thousand_sign": ",",
    "decimal_sign": ".",
    "decimal_position": "2",
    "iso_alpha2": "CN",
    "iso_alpha3": "CHN",
    "iso_numeric": 156,
    "currency_status": 0,
    "date_modified": "2017-10-03 19:08:49"
  },
  {
    "currency_name": "Dollar",
    "currency_code": "AUD",
    "currency_symbol": "$",
    "currency_rate": 0,
    "symbol_position": 0,
    "thousand_sign": ",",
    "decimal_sign": ".",
    "decimal_position": "2",
    "iso_alpha2": "CX",
    "iso_alpha3": "CXR",
    "iso_numeric": 162,
    "currency_status": 0,
    "date_modified": "2017-10-03 19:08:49"
  },
  {
    "currency_name": "Dollar",
    "currency_code": "AUD",
    "currency_symbol": "$",
    "currency_rate": 0,
    "symbol_position": 0,
    "thousand_sign": ",",
    "decimal_sign": ".",
    "decimal_position": "2",
    "iso_alpha2": "CC",
    "iso_alpha3": "CCK",
    "iso_numeric": 166,
    "currency_status": 0,
    "date_modified": "2017-10-03 19:08:49"
  },
  {
    "currency_name": "Peso",
    "currency_code": "COP",
    "currency_symbol": "$",
    "currency_rate": 0,
    "symbol_position": 0,
    "thousand_sign": ",",
    "decimal_sign": ".",
    "decimal_position": "2",
    "iso_alpha2": "CO",
    "iso_alpha3": "COL",
    "iso_numeric": 170,
    "currency_status": 0,
    "date_modified": "2017-10-03 19:08:49"
  },
  {
    "currency_name": "Franc",
    "currency_code": "KMF",
    "currency_symbol": "",
    "currency_rate": 0,
    "symbol_position": 0,
    "thousand_sign": ",",
    "decimal_sign": ".",
    "decimal_position": "2",
    "iso_alpha2": "KM",
    "iso_alpha3": "COM",
    "iso_numeric": 174,
    "currency_status": 0,
    "date_modified": "2017-10-03 19:08:49"
  },
  {
    "currency_name": "Dollar",
    "currency_code": "NZD",
    "currency_symbol": "$",
    "currency_rate": 0,
    "symbol_position": 0,
    "thousand_sign": ",",
    "decimal_sign": ".",
    "decimal_position": "2",
    "iso_alpha2": "CK",
    "iso_alpha3": "COK",
    "iso_numeric": 184,
    "currency_status": 0,
    "date_modified": "2017-10-03 19:08:49"
  },
  {
    "currency_name": "Colon",
    "currency_code": "CRC",
    "currency_symbol": "₡",
    "currency_rate": 0,
    "symbol_position": 0,
    "thousand_sign": ",",
    "decimal_sign": ".",
    "decimal_position": "2",
    "iso_alpha2": "CR",
    "iso_alpha3": "CRI",
    "iso_numeric": 188,
    "currency_status": 0,
    "date_modified": "2017-10-03 19:08:49"
  },
  {
    "currency_name": "Kuna",
    "currency_code": "HRK",
    "currency_symbol": "kn",
    "currency_rate": 0,
    "symbol_position": 0,
    "thousand_sign": ",",
    "decimal_sign": ".",
    "decimal_position": "2",
    "iso_alpha2": "HR",
    "iso_alpha3": "HRV",
    "iso_numeric": 191,
    "currency_status": 0,
    "date_modified": "2017-10-03 19:08:49"
  },
  {
    "currency_name": "Peso",
    "currency_code": "CUP",
    "currency_symbol": "₱",
    "currency_rate": 0,
    "symbol_position": 0,
    "thousand_sign": ",",
    "decimal_sign": ".",
    "decimal_position": "2",
    "iso_alpha2": "CU",
    "iso_alpha3": "CUB",
    "iso_numeric": 192,
    "currency_status": 0,
    "date_modified": "2017-10-03 19:08:49"
  },
  {
    "currency_name": "Pound",
    "currency_code": "CYP",
    "currency_symbol": "",
    "currency_rate": 0,
    "symbol_position": 0,
    "thousand_sign": ",",
    "decimal_sign": ".",
    "decimal_position": "2",
    "iso_alpha2": "CY",
    "iso_alpha3": "CYP",
    "iso_numeric": 196,
    "currency_status": 0,
    "date_modified": "2017-10-03 19:08:49"
  },
  {
    "currency_name": "Koruna",
    "currency_code": "CZK",
    "currency_symbol": "Kč",
    "currency_rate": 0,
    "symbol_position": 0,
    "thousand_sign": ",",
    "decimal_sign": ".",
    "decimal_position": "2",
    "iso_alpha2": "CZ",
    "iso_alpha3": "CZE",
    "iso_numeric": 203,
    "currency_status": 0,
    "date_modified": "2017-10-03 19:08:49"
  },
  {
    "currency_name": "Franc",
    "currency_code": "CDF",
    "currency_symbol": "FC",
    "currency_rate": 0,
    "symbol_position": 0,
    "thousand_sign": ",",
    "decimal_sign": ".",
    "decimal_position": "2",
    "iso_alpha2": "CD",
    "iso_alpha3": "COD",
    "iso_numeric": 180,
    "currency_status": 0,
    "date_modified": "2017-10-03 19:08:49"
  },
  {
    "currency_name": "Krone",
    "currency_code": "DKK",
    "currency_symbol": "kr",
    "currency_rate": 0,
    "symbol_position": 0,
    "thousand_sign": ",",
    "decimal_sign": ".",
    "decimal_position": "2",
    "iso_alpha2": "DK",
    "iso_alpha3": "DNK",
    "iso_numeric": 208,
    "currency_status": 0,
    "date_modified": "2017-10-03 19:08:49"
  },
  {
    "currency_name": "Franc",
    "currency_code": "DJF",
    "currency_symbol": "",
    "currency_rate": 0,
    "symbol_position": 0,
    "thousand_sign": ",",
    "decimal_sign": ".",
    "decimal_position": "2",
    "iso_alpha2": "DJ",
    "iso_alpha3": "DJI",
    "iso_numeric": 262,
    "currency_status": 0,
    "date_modified": "2017-10-03 19:08:49"
  },
  {
    "currency_name": "Dollar",
    "currency_code": "XCD",
    "currency_symbol": "$",
    "currency_rate": 0,
    "symbol_position": 0,
    "thousand_sign": ",",
    "decimal_sign": ".",
    "decimal_position": "2",
    "iso_alpha2": "DM",
    "iso_alpha3": "DMA",
    "iso_numeric": 212,
    "currency_status": 0,
    "date_modified": "2017-10-03 19:08:49"
  },
  {
    "currency_name": "Peso",
    "currency_code": "DOP",
    "currency_symbol": "RD$",
    "currency_rate": 0,
    "symbol_position": 0,
    "thousand_sign": ",",
    "decimal_sign": ".",
    "decimal_position": "2",
    "iso_alpha2": "DO",
    "iso_alpha3": "DOM",
    "iso_numeric": 214,
    "currency_status": 0,
    "date_modified": "2017-10-03 19:08:49"
  },
  {
    "currency_name": "Dollar",
    "currency_code": "USD",
    "currency_symbol": "$",
    "currency_rate": 0,
    "symbol_position": 0,
    "thousand_sign": ",",
    "decimal_sign": ".",
    "decimal_position": "2",
    "iso_alpha2": "TL",
    "iso_alpha3": "TLS",
    "iso_numeric": 626,
    "currency_status": 0,
    "date_modified": "2017-10-03 19:08:49"
  },
  {
    "currency_name": "Dollar",
    "currency_code": "USD",
    "currency_symbol": "$",
    "currency_rate": 0,
    "symbol_position": 0,
    "thousand_sign": ",",
    "decimal_sign": ".",
    "decimal_position": "2",
    "iso_alpha2": "EC",
    "iso_alpha3": "ECU",
    "iso_numeric": 218,
    "currency_status": 0,
    "date_modified": "2017-10-03 19:08:49"
  },
  {
    "currency_name": "Pound",
    "currency_code": "EGP",
    "currency_symbol": "£",
    "currency_rate": 0,
    "symbol_position": 0,
    "thousand_sign": ",",
    "decimal_sign": ".",
    "decimal_position": "2",
    "iso_alpha2": "EG",
    "iso_alpha3": "EGY",
    "iso_numeric": 818,
    "currency_status": 0,
    "date_modified": "2017-10-03 19:08:49"
  },
  {
    "currency_name": "Colone",
    "currency_code": "SVC",
    "currency_symbol": "$",
    "currency_rate": 0,
    "symbol_position": 0,
    "thousand_sign": ",",
    "decimal_sign": ".",
    "decimal_position": "2",
    "iso_alpha2": "SV",
    "iso_alpha3": "SLV",
    "iso_numeric": 222,
    "currency_status": 0,
    "date_modified": "2017-10-03 19:08:49"
  },
  {
    "currency_name": "Franc",
    "currency_code": "XAF",
    "currency_symbol": "FCF",
    "currency_rate": 0,
    "symbol_position": 0,
    "thousand_sign": ",",
    "decimal_sign": ".",
    "decimal_position": "2",
    "iso_alpha2": "GQ",
    "iso_alpha3": "GNQ",
    "iso_numeric": 226,
    "currency_status": 0,
    "date_modified": "2017-10-03 19:08:49"
  },
  {
    "currency_name": "Nakfa",
    "currency_code": "ERN",
    "currency_symbol": "Nfk",
    "currency_rate": 0,
    "symbol_position": 0,
    "thousand_sign": ",",
    "decimal_sign": ".",
    "decimal_position": "2",
    "iso_alpha2": "ER",
    "iso_alpha3": "ERI",
    "iso_numeric": 232,
    "currency_status": 0,
    "date_modified": "2017-10-03 19:08:49"
  },
  {
    "currency_name": "Kroon",
    "currency_code": "EEK",
    "currency_symbol": "kr",
    "currency_rate": 0,
    "symbol_position": 0,
    "thousand_sign": ",",
    "decimal_sign": ".",
    "decimal_position": "2",
    "iso_alpha2": "EE",
    "iso_alpha3": "EST",
    "iso_numeric": 233,
    "currency_status": 0,
    "date_modified": "2017-10-03 19:08:49"
  },
  {
    "currency_name": "Birr",
    "currency_code": "ETB",
    "currency_symbol": "",
    "currency_rate": 0,
    "symbol_position": 0,
    "thousand_sign": ",",
    "decimal_sign": ".",
    "decimal_position": "2",
    "iso_alpha2": "ET",
    "iso_alpha3": "ETH",
    "iso_numeric": 231,
    "currency_status": 0,
    "date_modified": "2017-10-03 19:08:49"
  },
  {
    "currency_name": "Pound",
    "currency_code": "FKP",
    "currency_symbol": "£",
    "currency_rate": 0,
    "symbol_position": 0,
    "thousand_sign": ",",
    "decimal_sign": ".",
    "decimal_position": "2",
    "iso_alpha2": "FK",
    "iso_alpha3": "FLK",
    "iso_numeric": 238,
    "currency_status": 0,
    "date_modified": "2017-10-03 19:08:49"
  },
  {
    "currency_name": "Krone",
    "currency_code": "DKK",
    "currency_symbol": "kr",
    "currency_rate": 0,
    "symbol_position": 0,
    "thousand_sign": ",",
    "decimal_sign": ".",
    "decimal_position": "2",
    "iso_alpha2": "FO",
    "iso_alpha3": "FRO",
    "iso_numeric": 234,
    "currency_status": 0,
    "date_modified": "2017-10-03 19:08:49"
  },
  {
    "currency_name": "Dollar",
    "currency_code": "FJD",
    "currency_symbol": "$",
    "currency_rate": 0,
    "symbol_position": 0,
    "thousand_sign": ",",
    "decimal_sign": ".",
    "decimal_position": "2",
    "iso_alpha2": "FJ",
    "iso_alpha3": "FJI",
    "iso_numeric": 242,
    "currency_status": 0,
    "date_modified": "2017-10-03 19:08:49"
  },
  {
    "currency_name": "Euro",
    "currency_code": "EUR",
    "currency_symbol": "€",
    "currency_rate": 0,
    "symbol_position": 0,
    "thousand_sign": ",",
    "decimal_sign": ".",
    "decimal_position": "2",
    "iso_alpha2": "FI",
    "iso_alpha3": "FIN",
    "iso_numeric": 246,
    "currency_status": 0,
    "date_modified": "2017-10-03 19:08:49"
  },
  {
    "currency_name": "Euro",
    "currency_code": "EUR",
    "currency_symbol": "€",
    "currency_rate": 0,
    "symbol_position": 0,
    "thousand_sign": ",",
    "decimal_sign": ".",
    "decimal_position": "2",
    "iso_alpha2": "FR",
    "iso_alpha3": "FRA",
    "iso_numeric": 250,
    "currency_status": 0,
    "date_modified": "2017-10-03 19:08:49"
  },
  {
    "currency_name": "Euro",
    "currency_code": "EUR",
    "currency_symbol": "€",
    "currency_rate": 0,
    "symbol_position": 0,
    "thousand_sign": ",",
    "decimal_sign": ".",
    "decimal_position": "2",
    "iso_alpha2": "GF",
    "iso_alpha3": "GUF",
    "iso_numeric": 254,
    "currency_status": 0,
    "date_modified": "2017-10-03 19:08:49"
  },
  {
    "currency_name": "Franc",
    "currency_code": "XPF",
    "currency_symbol": "",
    "currency_rate": 0,
    "symbol_position": 0,
    "thousand_sign": ",",
    "decimal_sign": ".",
    "decimal_position": "2",
    "iso_alpha2": "PF",
    "iso_alpha3": "PYF",
    "iso_numeric": 258,
    "currency_status": 0,
    "date_modified": "2017-10-03 19:08:49"
  },
  {
    "currency_name": "Euro  ",
    "currency_code": "EUR",
    "currency_symbol": "€",
    "currency_rate": 0,
    "symbol_position": 0,
    "thousand_sign": ",",
    "decimal_sign": ".",
    "decimal_position": "2",
    "iso_alpha2": "TF",
    "iso_alpha3": "ATF",
    "iso_numeric": 260,
    "currency_status": 0,
    "date_modified": "2017-10-03 19:08:49"
  },
  {
    "currency_name": "Franc",
    "currency_code": "XAF",
    "currency_symbol": "FCF",
    "currency_rate": 0,
    "symbol_position": 0,
    "thousand_sign": ",",
    "decimal_sign": ".",
    "decimal_position": "2",
    "iso_alpha2": "GA",
    "iso_alpha3": "GAB",
    "iso_numeric": 266,
    "currency_status": 0,
    "date_modified": "2017-10-03 19:08:49"
  },
  {
    "currency_name": "Dalasi",
    "currency_code": "GMD",
    "currency_symbol": "D",
    "currency_rate": 0,
    "symbol_position": 0,
    "thousand_sign": ",",
    "decimal_sign": ".",
    "decimal_position": "2",
    "iso_alpha2": "GM",
    "iso_alpha3": "GMB",
    "iso_numeric": 270,
    "currency_status": 0,
    "date_modified": "2017-10-03 19:08:49"
  },
  {
    "currency_name": "Lari",
    "currency_code": "GEL",
    "currency_symbol": "",
    "currency_rate": 0,
    "symbol_position": 0,
    "thousand_sign": ",",
    "decimal_sign": ".",
    "decimal_position": "2",
    "iso_alpha2": "GE",
    "iso_alpha3": "GEO",
    "iso_numeric": 268,
    "currency_status": 0,
    "date_modified": "2017-10-03 19:08:49"
  },
  {
    "currency_name": "Euro",
    "currency_code": "EUR",
    "currency_symbol": "€",
    "currency_rate": 0,
    "symbol_position": 0,
    "thousand_sign": ",",
    "decimal_sign": ".",
    "decimal_position": "2",
    "iso_alpha2": "DE",
    "iso_alpha3": "DEU",
    "iso_numeric": 276,
    "currency_status": 0,
    "date_modified": "2017-10-03 19:08:49"
  },
  {
    "currency_name": "Cedi",
    "currency_code": "GHC",
    "currency_symbol": "¢",
    "currency_rate": 0,
    "symbol_position": 0,
    "thousand_sign": ",",
    "decimal_sign": ".",
    "decimal_position": "2",
    "iso_alpha2": "GH",
    "iso_alpha3": "GHA",
    "iso_numeric": 288,
    "currency_status": 0,
    "date_modified": "2017-10-03 19:08:49"
  },
  {
    "currency_name": "Pound",
    "currency_code": "GIP",
    "currency_symbol": "£",
    "currency_rate": 0,
    "symbol_position": 0,
    "thousand_sign": ",",
    "decimal_sign": ".",
    "decimal_position": "2",
    "iso_alpha2": "GI",
    "iso_alpha3": "GIB",
    "iso_numeric": 292,
    "currency_status": 0,
    "date_modified": "2017-10-03 19:08:49"
  },
  {
    "currency_name": "Euro",
    "currency_code": "EUR",
    "currency_symbol": "€",
    "currency_rate": 0,
    "symbol_position": 0,
    "thousand_sign": ",",
    "decimal_sign": ".",
    "decimal_position": "2",
    "iso_alpha2": "GR",
    "iso_alpha3": "GRC",
    "iso_numeric": 300,
    "currency_status": 0,
    "date_modified": "2017-10-03 19:08:49"
  },
  {
    "currency_name": "Krone",
    "currency_code": "DKK",
    "currency_symbol": "kr",
    "currency_rate": 0,
    "symbol_position": 0,
    "thousand_sign": ",",
    "decimal_sign": ".",
    "decimal_position": "2",
    "iso_alpha2": "GL",
    "iso_alpha3": "GRL",
    "iso_numeric": 304,
    "currency_status": 0,
    "date_modified": "2017-10-03 19:08:49"
  },
  {
    "currency_name": "Dollar",
    "currency_code": "XCD",
    "currency_symbol": "$",
    "currency_rate": 0,
    "symbol_position": 0,
    "thousand_sign": ",",
    "decimal_sign": ".",
    "decimal_position": "2",
    "iso_alpha2": "GD",
    "iso_alpha3": "GRD",
    "iso_numeric": 308,
    "currency_status": 0,
    "date_modified": "2017-10-03 19:08:49"
  },
  {
    "currency_name": "Euro",
    "currency_code": "EUR",
    "currency_symbol": "€",
    "currency_rate": 0,
    "symbol_position": 0,
    "thousand_sign": ",",
    "decimal_sign": ".",
    "decimal_position": "2",
    "iso_alpha2": "GP",
    "iso_alpha3": "GLP",
    "iso_numeric": 312,
    "currency_status": 0,
    "date_modified": "2017-10-03 19:08:49"
  },
  {
    "currency_name": "Dollar",
    "currency_code": "USD",
    "currency_symbol": "$",
    "currency_rate": 0,
    "symbol_position": 0,
    "thousand_sign": ",",
    "decimal_sign": ".",
    "decimal_position": "2",
    "iso_alpha2": "GU",
    "iso_alpha3": "GUM",
    "iso_numeric": 316,
    "currency_status": 0,
    "date_modified": "2017-10-03 19:08:49"
  },
  {
    "currency_name": "Quetzal",
    "currency_code": "GTQ",
    "currency_symbol": "Q",
    "currency_rate": 0,
    "symbol_position": 0,
    "thousand_sign": ",",
    "decimal_sign": ".",
    "decimal_position": "2",
    "iso_alpha2": "GT",
    "iso_alpha3": "GTM",
    "iso_numeric": 320,
    "currency_status": 0,
    "date_modified": "2017-10-03 19:08:49"
  },
  {
    "currency_name": "Franc",
    "currency_code": "GNF",
    "currency_symbol": "",
    "currency_rate": 0,
    "symbol_position": 0,
    "thousand_sign": ",",
    "decimal_sign": ".",
    "decimal_position": "2",
    "iso_alpha2": "GN",
    "iso_alpha3": "GIN",
    "iso_numeric": 324,
    "currency_status": 0,
    "date_modified": "2017-10-03 19:08:49"
  },
  {
    "currency_name": "Franc",
    "currency_code": "XOF",
    "currency_symbol": "",
    "currency_rate": 0,
    "symbol_position": 0,
    "thousand_sign": ",",
    "decimal_sign": ".",
    "decimal_position": "2",
    "iso_alpha2": "GW",
    "iso_alpha3": "GNB",
    "iso_numeric": 624,
    "currency_status": 0,
    "date_modified": "2017-10-03 19:08:49"
  },
  {
    "currency_name": "Dollar",
    "currency_code": "GYD",
    "currency_symbol": "$",
    "currency_rate": 0,
    "symbol_position": 0,
    "thousand_sign": ",",
    "decimal_sign": ".",
    "decimal_position": "2",
    "iso_alpha2": "GY",
    "iso_alpha3": "GUY",
    "iso_numeric": 328,
    "currency_status": 0,
    "date_modified": "2017-10-03 19:08:49"
  },
  {
    "currency_name": "Gourde",
    "currency_code": "HTG",
    "currency_symbol": "G",
    "currency_rate": 0,
    "symbol_position": 0,
    "thousand_sign": ",",
    "decimal_sign": ".",
    "decimal_position": "2",
    "iso_alpha2": "HT",
    "iso_alpha3": "HTI",
    "iso_numeric": 332,
    "currency_status": 0,
    "date_modified": "2017-10-03 19:08:49"
  },
  {
    "currency_name": "Dollar",
    "currency_code": "AUD",
    "currency_symbol": "$",
    "currency_rate": 0,
    "symbol_position": 0,
    "thousand_sign": ",",
    "decimal_sign": ".",
    "decimal_position": "2",
    "iso_alpha2": "HM",
    "iso_alpha3": "HMD",
    "iso_numeric": 334,
    "currency_status": 0,
    "date_modified": "2017-10-03 19:08:49"
  },
  {
    "currency_name": "Lempira",
    "currency_code": "HNL",
    "currency_symbol": "L",
    "currency_rate": 0,
    "symbol_position": 0,
    "thousand_sign": ",",
    "decimal_sign": ".",
    "decimal_position": "2",
    "iso_alpha2": "HN",
    "iso_alpha3": "HND",
    "iso_numeric": 340,
    "currency_status": 0,
    "date_modified": "2017-10-03 19:08:49"
  },
  {
    "currency_name": "Dollar",
    "currency_code": "HKD",
    "currency_symbol": "$",
    "currency_rate": 0,
    "symbol_position": 0,
    "thousand_sign": ",",
    "decimal_sign": ".",
    "decimal_position": "2",
    "iso_alpha2": "HK",
    "iso_alpha3": "HKG",
    "iso_numeric": 344,
    "currency_status": 0,
    "date_modified": "2017-10-03 19:08:49"
  },
  {
    "currency_name": "Forint",
    "currency_code": "HUF",
    "currency_symbol": "Ft",
    "currency_rate": 0,
    "symbol_position": 0,
    "thousand_sign": ",",
    "decimal_sign": ".",
    "decimal_position": "2",
    "iso_alpha2": "HU",
    "iso_alpha3": "HUN",
    "iso_numeric": 348,
    "currency_status": 0,
    "date_modified": "2017-10-03 19:08:49"
  },
  {
    "currency_name": "Krona",
    "currency_code": "ISK",
    "currency_symbol": "kr",
    "currency_rate": 0,
    "symbol_position": 0,
    "thousand_sign": ",",
    "decimal_sign": ".",
    "decimal_position": "2",
    "iso_alpha2": "IS",
    "iso_alpha3": "ISL",
    "iso_numeric": 352,
    "currency_status": 0,
    "date_modified": "2017-10-03 19:08:49"
  },
  {
    "currency_name": "Rupee",
    "currency_code": "INR",
    "currency_symbol": "₹",
    "currency_rate": 0,
    "symbol_position": 0,
    "thousand_sign": ",",
    "decimal_sign": ".",
    "decimal_position": "2",
    "iso_alpha2": "IN",
    "iso_alpha3": "IND",
    "iso_numeric": 356,
    "currency_status": 0,
    "date_modified": "2017-10-03 19:08:49"
  },
  {
    "currency_name": "Rupiah",
    "currency_code": "IDR",
    "currency_symbol": "Rp",
    "currency_rate": 0,
    "symbol_position": 0,
    "thousand_sign": ",",
    "decimal_sign": ".",
    "decimal_position": "2",
    "iso_alpha2": "ID",
    "iso_alpha3": "IDN",
    "iso_numeric": 360,
    "currency_status": 0,
    "date_modified": "2017-10-03 19:08:49"
  },
  {
    "currency_name": "Rial",
    "currency_code": "IRR",
    "currency_symbol": "﷼",
    "currency_rate": 0,
    "symbol_position": 0,
    "thousand_sign": ",",
    "decimal_sign": ".",
    "decimal_position": "2",
    "iso_alpha2": "IR",
    "iso_alpha3": "IRN",
    "iso_numeric": 364,
    "currency_status": 0,
    "date_modified": "2017-10-03 19:08:49"
  },
  {
    "currency_name": "Dinar",
    "currency_code": "IQD",
    "currency_symbol": "",
    "currency_rate": 0,
    "symbol_position": 0,
    "thousand_sign": ",",
    "decimal_sign": ".",
    "decimal_position": "2",
    "iso_alpha2": "IQ",
    "iso_alpha3": "IRQ",
    "iso_numeric": 368,
    "currency_status": 0,
    "date_modified": "2017-10-03 19:08:49"
  },
  {
    "currency_name": "Euro",
    "currency_code": "EUR",
    "currency_symbol": "€",
    "currency_rate": 0,
    "symbol_position": 0,
    "thousand_sign": ",",
    "decimal_sign": ".",
    "decimal_position": "2",
    "iso_alpha2": "IE",
    "iso_alpha3": "IRL",
    "iso_numeric": 372,
    "currency_status": 0,
    "date_modified": "2017-10-03 19:08:49"
  },
  {
    "currency_name": "Shekel",
    "currency_code": "ILS",
    "currency_symbol": "₪",
    "currency_rate": 0,
    "symbol_position": 0,
    "thousand_sign": ",",
    "decimal_sign": ".",
    "decimal_position": "2",
    "iso_alpha2": "IL",
    "iso_alpha3": "ISR",
    "iso_numeric": 376,
    "currency_status": 0,
    "date_modified": "2017-10-03 19:08:49"
  },
  {
    "currency_name": "Euro",
    "currency_code": "EUR",
    "currency_symbol": "€",
    "currency_rate": 0,
    "symbol_position": 0,
    "thousand_sign": ",",
    "decimal_sign": ".",
    "decimal_position": "2",
    "iso_alpha2": "IT",
    "iso_alpha3": "ITA",
    "iso_numeric": 380,
    "currency_status": 0,
    "date_modified": "2017-10-03 19:08:49"
  },
  {
    "currency_name": "Franc",
    "currency_code": "XOF",
    "currency_symbol": "",
    "currency_rate": 0,
    "symbol_position": 0,
    "thousand_sign": ",",
    "decimal_sign": ".",
    "decimal_position": "2",
    "iso_alpha2": "CI",
    "iso_alpha3": "CIV",
    "iso_numeric": 384,
    "currency_status": 0,
    "date_modified": "2017-10-03 19:08:49"
  },
  {
    "currency_name": "Dollar",
    "currency_code": "JMD",
    "currency_symbol": "$",
    "currency_rate": 0,
    "symbol_position": 0,
    "thousand_sign": ",",
    "decimal_sign": ".",
    "decimal_position": "2",
    "iso_alpha2": "JM",
    "iso_alpha3": "JAM",
    "iso_numeric": 388,
    "currency_status": 0,
    "date_modified": "2017-10-03 19:08:49"
  },
  {
    "currency_name": "Yen",
    "currency_code": "JPY",
    "currency_symbol": "¥",
    "currency_rate": 0,
    "symbol_position": 0,
    "thousand_sign": ",",
    "decimal_sign": ".",
    "decimal_position": "2",
    "iso_alpha2": "JP",
    "iso_alpha3": "JPN",
    "iso_numeric": 392,
    "currency_status": 0,
    "date_modified": "2017-10-03 19:08:49"
  },
  {
    "currency_name": "Dinar",
    "currency_code": "JOD",
    "currency_symbol": "",
    "currency_rate": 0,
    "symbol_position": 0,
    "thousand_sign": ",",
    "decimal_sign": ".",
    "decimal_position": "2",
    "iso_alpha2": "JO",
    "iso_alpha3": "JOR",
    "iso_numeric": 400,
    "currency_status": 0,
    "date_modified": "2017-10-03 19:08:49"
  },
  {
    "currency_name": "Tenge",
    "currency_code": "KZT",
    "currency_symbol": "лв",
    "currency_rate": 0,
    "symbol_position": 0,
    "thousand_sign": ",",
    "decimal_sign": ".",
    "decimal_position": "2",
    "iso_alpha2": "KZ",
    "iso_alpha3": "KAZ",
    "iso_numeric": 398,
    "currency_status": 0,
    "date_modified": "2017-10-03 19:08:49"
  },
  {
    "currency_name": "Shilling",
    "currency_code": "KES",
    "currency_symbol": "",
    "currency_rate": 0,
    "symbol_position": 0,
    "thousand_sign": ",",
    "decimal_sign": ".",
    "decimal_position": "2",
    "iso_alpha2": "KE",
    "iso_alpha3": "KEN",
    "iso_numeric": 404,
    "currency_status": 0,
    "date_modified": "2017-10-03 19:08:49"
  },
  {
    "currency_name": "Dollar",
    "currency_code": "AUD",
    "currency_symbol": "$",
    "currency_rate": 0,
    "symbol_position": 0,
    "thousand_sign": ",",
    "decimal_sign": ".",
    "decimal_position": "2",
    "iso_alpha2": "KI",
    "iso_alpha3": "KIR",
    "iso_numeric": 296,
    "currency_status": 0,
    "date_modified": "2017-10-03 19:08:49"
  },
  {
    "currency_name": "Dinar",
    "currency_code": "KWD",
    "currency_symbol": "د.ك",
    "currency_rate": 0,
    "symbol_position": 0,
    "thousand_sign": ",",
    "decimal_sign": ".",
    "decimal_position": "2",
    "iso_alpha2": "KW",
    "iso_alpha3": "KWT",
    "iso_numeric": 414,
    "currency_status": 0,
    "date_modified": "2017-10-03 19:08:49"
  },
  {
    "currency_name": "Som",
    "currency_code": "KGS",
    "currency_symbol": "лв",
    "currency_rate": 0,
    "symbol_position": 0,
    "thousand_sign": ",",
    "decimal_sign": ".",
    "decimal_position": "2",
    "iso_alpha2": "KG",
    "iso_alpha3": "KGZ",
    "iso_numeric": 417,
    "currency_status": 0,
    "date_modified": "2017-10-03 19:08:49"
  },
  {
    "currency_name": "Kip",
    "currency_code": "LAK",
    "currency_symbol": "₭",
    "currency_rate": 0,
    "symbol_position": 0,
    "thousand_sign": ",",
    "decimal_sign": ".",
    "decimal_position": "2",
    "iso_alpha2": "LA",
    "iso_alpha3": "LAO",
    "iso_numeric": 418,
    "currency_status": 0,
    "date_modified": "2017-10-03 19:08:49"
  },
  {
    "currency_name": "Lat",
    "currency_code": "LVL",
    "currency_symbol": "Ls",
    "currency_rate": 0,
    "symbol_position": 0,
    "thousand_sign": ",",
    "decimal_sign": ".",
    "decimal_position": "2",
    "iso_alpha2": "LV",
    "iso_alpha3": "LVA",
    "iso_numeric": 428,
    "currency_status": 0,
    "date_modified": "2017-10-03 19:08:49"
  },
  {
    "currency_name": "Pound",
    "currency_code": "LBP",
    "currency_symbol": "£",
    "currency_rate": 0,
    "symbol_position": 0,
    "thousand_sign": ",",
    "decimal_sign": ".",
    "decimal_position": "2",
    "iso_alpha2": "LB",
    "iso_alpha3": "LBN",
    "iso_numeric": 422,
    "currency_status": 0,
    "date_modified": "2017-10-03 19:08:49"
  },
  {
    "currency_name": "Loti",
    "currency_code": "LSL",
    "currency_symbol": "L",
    "currency_rate": 0,
    "symbol_position": 0,
    "thousand_sign": ",",
    "decimal_sign": ".",
    "decimal_position": "2",
    "iso_alpha2": "LS",
    "iso_alpha3": "LSO",
    "iso_numeric": 426,
    "currency_status": 0,
    "date_modified": "2017-10-03 19:08:49"
  },
  {
    "currency_name": "Dollar",
    "currency_code": "LRD",
    "currency_symbol": "$",
    "currency_rate": 0,
    "symbol_position": 0,
    "thousand_sign": ",",
    "decimal_sign": ".",
    "decimal_position": "2",
    "iso_alpha2": "LR",
    "iso_alpha3": "LBR",
    "iso_numeric": 430,
    "currency_status": 0,
    "date_modified": "2017-10-03 19:08:49"
  },
  {
    "currency_name": "Dinar",
    "currency_code": "LYD",
    "currency_symbol": "ل.د",
    "currency_rate": 0,
    "symbol_position": 0,
    "thousand_sign": ",",
    "decimal_sign": ".",
    "decimal_position": "2",
    "iso_alpha2": "LY",
    "iso_alpha3": "LBY",
    "iso_numeric": 434,
    "currency_status": 0,
    "date_modified": "2017-10-03 19:08:49"
  },
  {
    "currency_name": "Franc",
    "currency_code": "CHF",
    "currency_symbol": "CHF",
    "currency_rate": 0,
    "symbol_position": 0,
    "thousand_sign": ",",
    "decimal_sign": ".",
    "decimal_position": "2",
    "iso_alpha2": "LI",
    "iso_alpha3": "LIE",
    "iso_numeric": 438,
    "currency_status": 0,
    "date_modified": "2017-10-03 19:08:49"
  },
  {
    "currency_name": "Litas",
    "currency_code": "LTL",
    "currency_symbol": "Lt",
    "currency_rate": 0,
    "symbol_position": 0,
    "thousand_sign": ",",
    "decimal_sign": ".",
    "decimal_position": "2",
    "iso_alpha2": "LT",
    "iso_alpha3": "LTU",
    "iso_numeric": 440,
    "currency_status": 0,
    "date_modified": "2017-10-03 19:08:49"
  },
  {
    "currency_name": "Euro",
    "currency_code": "EUR",
    "currency_symbol": "€",
    "currency_rate": 0,
    "symbol_position": 0,
    "thousand_sign": ",",
    "decimal_sign": ".",
    "decimal_position": "2",
    "iso_alpha2": "LU",
    "iso_alpha3": "LUX",
    "iso_numeric": 442,
    "currency_status": 0,
    "date_modified": "2017-10-03 19:08:49"
  },
  {
    "currency_name": "Pataca",
    "currency_code": "MOP",
    "currency_symbol": "MOP",
    "currency_rate": 0,
    "symbol_position": 0,
    "thousand_sign": ",",
    "decimal_sign": ".",
    "decimal_position": "2",
    "iso_alpha2": "MO",
    "iso_alpha3": "MAC",
    "iso_numeric": 446,
    "currency_status": 0,
    "date_modified": "2017-10-03 19:08:49"
  },
  {
    "currency_name": "Denar",
    "currency_code": "MKD",
    "currency_symbol": "ден",
    "currency_rate": 0,
    "symbol_position": 0,
    "thousand_sign": ",",
    "decimal_sign": ".",
    "decimal_position": "2",
    "iso_alpha2": "MK",
    "iso_alpha3": "MKD",
    "iso_numeric": 807,
    "currency_status": 0,
    "date_modified": "2017-10-03 19:08:49"
  },
  {
    "currency_name": "Ariary",
    "currency_code": "MGA",
    "currency_symbol": "Ar",
    "currency_rate": 0,
    "symbol_position": 0,
    "thousand_sign": ",",
    "decimal_sign": ".",
    "decimal_position": "2",
    "iso_alpha2": "MG",
    "iso_alpha3": "MDG",
    "iso_numeric": 450,
    "currency_status": 0,
    "date_modified": "2017-10-03 19:08:49"
  },
  {
    "currency_name": "Kwacha",
    "currency_code": "MWK",
    "currency_symbol": "MK",
    "currency_rate": 0,
    "symbol_position": 0,
    "thousand_sign": ",",
    "decimal_sign": ".",
    "decimal_position": "2",
    "iso_alpha2": "MW",
    "iso_alpha3": "MWI",
    "iso_numeric": 454,
    "currency_status": 0,
    "date_modified": "2017-10-03 19:08:49"
  },
  {
    "currency_name": "Ringgit",
    "currency_code": "MYR",
    "currency_symbol": "RM",
    "currency_rate": 0,
    "symbol_position": 0,
    "thousand_sign": ",",
    "decimal_sign": ".",
    "decimal_position": "2",
    "iso_alpha2": "MY",
    "iso_alpha3": "MYS",
    "iso_numeric": 458,
    "currency_status": 0,
    "date_modified": "2017-10-03 19:08:49"
  },
  {
    "currency_name": "Rufiyaa",
    "currency_code": "MVR",
    "currency_symbol": "Rf",
    "currency_rate": 0,
    "symbol_position": 0,
    "thousand_sign": ",",
    "decimal_sign": ".",
    "decimal_position": "2",
    "iso_alpha2": "MV",
    "iso_alpha3": "MDV",
    "iso_numeric": 462,
    "currency_status": 0,
    "date_modified": "2017-10-03 19:08:49"
  },
  {
    "currency_name": "Franc",
    "currency_code": "XOF",
    "currency_symbol": "MAF",
    "currency_rate": 0,
    "symbol_position": 0,
    "thousand_sign": ",",
    "decimal_sign": ".",
    "decimal_position": "2",
    "iso_alpha2": "ML",
    "iso_alpha3": "MLI",
    "iso_numeric": 466,
    "currency_status": 0,
    "date_modified": "2017-10-03 19:08:49"
  },
  {
    "currency_name": "Lira",
    "currency_code": "MTL",
    "currency_symbol": "Lm",
    "currency_rate": 0,
    "symbol_position": 0,
    "thousand_sign": ",",
    "decimal_sign": ".",
    "decimal_position": "2",
    "iso_alpha2": "MT",
    "iso_alpha3": "MLT",
    "iso_numeric": 470,
    "currency_status": 0,
    "date_modified": "2017-10-03 19:08:49"
  },
  {
    "currency_name": "Dollar",
    "currency_code": "USD",
    "currency_symbol": "$",
    "currency_rate": 0,
    "symbol_position": 0,
    "thousand_sign": ",",
    "decimal_sign": ".",
    "decimal_position": "2",
    "iso_alpha2": "MH",
    "iso_alpha3": "MHL",
    "iso_numeric": 584,
    "currency_status": 0,
    "date_modified": "2017-10-03 19:08:49"
  },
  {
    "currency_name": "Euro",
    "currency_code": "EUR",
    "currency_symbol": "€",
    "currency_rate": 0,
    "symbol_position": 0,
    "thousand_sign": ",",
    "decimal_sign": ".",
    "decimal_position": "2",
    "iso_alpha2": "MQ",
    "iso_alpha3": "MTQ",
    "iso_numeric": 474,
    "currency_status": 0,
    "date_modified": "2017-10-03 19:08:49"
  },
  {
    "currency_name": "Ouguiya",
    "currency_code": "MRO",
    "currency_symbol": "UM",
    "currency_rate": 0,
    "symbol_position": 0,
    "thousand_sign": ",",
    "decimal_sign": ".",
    "decimal_position": "2",
    "iso_alpha2": "MR",
    "iso_alpha3": "MRT",
    "iso_numeric": 478,
    "currency_status": 0,
    "date_modified": "2017-10-03 19:08:49"
  },
  {
    "currency_name": "Rupee",
    "currency_code": "MUR",
    "currency_symbol": "₨",
    "currency_rate": 0,
    "symbol_position": 0,
    "thousand_sign": ",",
    "decimal_sign": ".",
    "decimal_position": "2",
    "iso_alpha2": "MU",
    "iso_alpha3": "MUS",
    "iso_numeric": 480,
    "currency_status": 0,
    "date_modified": "2017-10-03 19:08:49"
  },
  {
    "currency_name": "Euro",
    "currency_code": "EUR",
    "currency_symbol": "€",
    "currency_rate": 0,
    "symbol_position": 0,
    "thousand_sign": ",",
    "decimal_sign": ".",
    "decimal_position": "2",
    "iso_alpha2": "YT",
    "iso_alpha3": "MYT",
    "iso_numeric": 175,
    "currency_status": 0,
    "date_modified": "2017-10-03 19:08:49"
  },
  {
    "currency_name": "Peso",
    "currency_code": "MXN",
    "currency_symbol": "$",
    "currency_rate": 0,
    "symbol_position": 0,
    "thousand_sign": ",",
    "decimal_sign": ".",
    "decimal_position": "2",
    "iso_alpha2": "MX",
    "iso_alpha3": "MEX",
    "iso_numeric": 484,
    "currency_status": 0,
    "date_modified": "2017-10-03 19:08:49"
  },
  {
    "currency_name": "Dollar",
    "currency_code": "USD",
    "currency_symbol": "$",
    "currency_rate": 0,
    "symbol_position": 0,
    "thousand_sign": ",",
    "decimal_sign": ".",
    "decimal_position": "2",
    "iso_alpha2": "FM",
    "iso_alpha3": "FSM",
    "iso_numeric": 583,
    "currency_status": 0,
    "date_modified": "2017-10-03 19:08:49"
  },
  {
    "currency_name": "Leu",
    "currency_code": "MDL",
    "currency_symbol": "MDL",
    "currency_rate": 0,
    "symbol_position": 0,
    "thousand_sign": ",",
    "decimal_sign": ".",
    "decimal_position": "2",
    "iso_alpha2": "MD",
    "iso_alpha3": "MDA",
    "iso_numeric": 498,
    "currency_status": 0,
    "date_modified": "2017-10-03 19:08:49"
  },
  {
    "currency_name": "Euro",
    "currency_code": "EUR",
    "currency_symbol": "€",
    "currency_rate": 0,
    "symbol_position": 0,
    "thousand_sign": ",",
    "decimal_sign": ".",
    "decimal_position": "2",
    "iso_alpha2": "MC",
    "iso_alpha3": "MCO",
    "iso_numeric": 492,
    "currency_status": 0,
    "date_modified": "2017-10-03 19:08:49"
  },
  {
    "currency_name": "Tugrik",
    "currency_code": "MNT",
    "currency_symbol": "₮",
    "currency_rate": 0,
    "symbol_position": 0,
    "thousand_sign": ",",
    "decimal_sign": ".",
    "decimal_position": "2",
    "iso_alpha2": "MN",
    "iso_alpha3": "MNG",
    "iso_numeric": 496,
    "currency_status": 0,
    "date_modified": "2017-10-03 19:08:49"
  },
  {
    "currency_name": "Dollar",
    "currency_code": "XCD",
    "currency_symbol": "$",
    "currency_rate": 0,
    "symbol_position": 0,
    "thousand_sign": ",",
    "decimal_sign": ".",
    "decimal_position": "2",
    "iso_alpha2": "MS",
    "iso_alpha3": "MSR",
    "iso_numeric": 500,
    "currency_status": 0,
    "date_modified": "2017-10-03 19:08:49"
  },
  {
    "currency_name": "Dirham",
    "currency_code": "MAD",
    "currency_symbol": "",
    "currency_rate": 0,
    "symbol_position": 0,
    "thousand_sign": ",",
    "decimal_sign": ".",
    "decimal_position": "2",
    "iso_alpha2": "MA",
    "iso_alpha3": "MAR",
    "iso_numeric": 504,
    "currency_status": 0,
    "date_modified": "2017-10-03 19:08:49"
  },
  {
    "currency_name": "Meticail",
    "currency_code": "MZN",
    "currency_symbol": "MT",
    "currency_rate": 0,
    "symbol_position": 0,
    "thousand_sign": ",",
    "decimal_sign": ".",
    "decimal_position": "2",
    "iso_alpha2": "MZ",
    "iso_alpha3": "MOZ",
    "iso_numeric": 508,
    "currency_status": 0,
    "date_modified": "2017-10-03 19:08:49"
  },
  {
    "currency_name": "Kyat",
    "currency_code": "MMK",
    "currency_symbol": "K",
    "currency_rate": 0,
    "symbol_position": 0,
    "thousand_sign": ",",
    "decimal_sign": ".",
    "decimal_position": "2",
    "iso_alpha2": "MM",
    "iso_alpha3": "MMR",
    "iso_numeric": 104,
    "currency_status": 0,
    "date_modified": "2017-10-03 19:08:49"
  },
  {
    "currency_name": "Dollar",
    "currency_code": "NAD",
    "currency_symbol": "$",
    "currency_rate": 0,
    "symbol_position": 0,
    "thousand_sign": ",",
    "decimal_sign": ".",
    "decimal_position": "2",
    "iso_alpha2": "NA",
    "iso_alpha3": "NAM",
    "iso_numeric": 516,
    "currency_status": 0,
    "date_modified": "2017-10-03 19:08:49"
  },
  {
    "currency_name": "Dollar",
    "currency_code": "AUD",
    "currency_symbol": "$",
    "currency_rate": 0,
    "symbol_position": 0,
    "thousand_sign": ",",
    "decimal_sign": ".",
    "decimal_position": "2",
    "iso_alpha2": "NR",
    "iso_alpha3": "NRU",
    "iso_numeric": 520,
    "currency_status": 0,
    "date_modified": "2017-10-03 19:08:49"
  },
  {
    "currency_name": "Rupee",
    "currency_code": "NPR",
    "currency_symbol": "₨",
    "currency_rate": 0,
    "symbol_position": 0,
    "thousand_sign": ",",
    "decimal_sign": ".",
    "decimal_position": "2",
    "iso_alpha2": "NP",
    "iso_alpha3": "NPL",
    "iso_numeric": 524,
    "currency_status": 0,
    "date_modified": "2017-10-03 19:08:49"
  },
  {
    "currency_name": "Euro",
    "currency_code": "EUR",
    "currency_symbol": "€",
    "currency_rate": 0,
    "symbol_position": 0,
    "thousand_sign": ",",
    "decimal_sign": ".",
    "decimal_position": "2",
    "iso_alpha2": "NL",
    "iso_alpha3": "NLD",
    "iso_numeric": 528,
    "currency_status": 0,
    "date_modified": "2017-10-03 19:08:49"
  },
  {
    "currency_name": "Guilder",
    "currency_code": "ANG",
    "currency_symbol": "ƒ",
    "currency_rate": 0,
    "symbol_position": 0,
    "thousand_sign": ",",
    "decimal_sign": ".",
    "decimal_position": "2",
    "iso_alpha2": "AN",
    "iso_alpha3": "ANT",
    "iso_numeric": 530,
    "currency_status": 0,
    "date_modified": "2017-10-03 19:08:49"
  },
  {
    "currency_name": "Franc",
    "currency_code": "XPF",
    "currency_symbol": "",
    "currency_rate": 0,
    "symbol_position": 0,
    "thousand_sign": ",",
    "decimal_sign": ".",
    "decimal_position": "2",
    "iso_alpha2": "NC",
    "iso_alpha3": "NCL",
    "iso_numeric": 540,
    "currency_status": 0,
    "date_modified": "2017-10-03 19:08:49"
  },
  {
    "currency_name": "Dollar",
    "currency_code": "NZD",
    "currency_symbol": "$",
    "currency_rate": 0,
    "symbol_position": 0,
    "thousand_sign": ",",
    "decimal_sign": ".",
    "decimal_position": "2",
    "iso_alpha2": "NZ",
    "iso_alpha3": "NZL",
    "iso_numeric": 554,
    "currency_status": 0,
    "date_modified": "2017-10-03 19:08:49"
  },
  {
    "currency_name": "Cordoba",
    "currency_code": "NIO",
    "currency_symbol": "C$",
    "currency_rate": 0,
    "symbol_position": 0,
    "thousand_sign": ",",
    "decimal_sign": ".",
    "decimal_position": "2",
    "iso_alpha2": "NI",
    "iso_alpha3": "NIC",
    "iso_numeric": 558,
    "currency_status": 0,
    "date_modified": "2017-10-03 19:08:49"
  },
  {
    "currency_name": "Franc",
    "currency_code": "XOF",
    "currency_symbol": "",
    "currency_rate": 0,
    "symbol_position": 0,
    "thousand_sign": ",",
    "decimal_sign": ".",
    "decimal_position": "2",
    "iso_alpha2": "NE",
    "iso_alpha3": "NER",
    "iso_numeric": 562,
    "currency_status": 0,
    "date_modified": "2017-10-03 19:08:49"
  },
  {
    "currency_name": "Naira",
    "currency_code": "NGN",
    "currency_symbol": "₦",
    "currency_rate": 0,
    "symbol_position": 0,
    "thousand_sign": ",",
    "decimal_sign": ".",
    "decimal_position": "2",
    "iso_alpha2": "NG",
    "iso_alpha3": "NGA",
    "iso_numeric": 566,
    "currency_status": 1,
    "date_modified": "2017-10-03 19:08:49"
  },
  {
    "currency_name": "Dollar",
    "currency_code": "NZD",
    "currency_symbol": "$",
    "currency_rate": 0,
    "symbol_position": 0,
    "thousand_sign": ",",
    "decimal_sign": ".",
    "decimal_position": "2",
    "iso_alpha2": "NU",
    "iso_alpha3": "NIU",
    "iso_numeric": 570,
    "currency_status": 0,
    "date_modified": "2017-10-03 19:08:49"
  },
  {
    "currency_name": "Dollar",
    "currency_code": "AUD",
    "currency_symbol": "$",
    "currency_rate": 0,
    "symbol_position": 0,
    "thousand_sign": ",",
    "decimal_sign": ".",
    "decimal_position": "2",
    "iso_alpha2": "NF",
    "iso_alpha3": "NFK",
    "iso_numeric": 574,
    "currency_status": 0,
    "date_modified": "2017-10-03 19:08:49"
  },
  {
    "currency_name": "Won",
    "currency_code": "KPW",
    "currency_symbol": "₩",
    "currency_rate": 0,
    "symbol_position": 0,
    "thousand_sign": ",",
    "decimal_sign": ".",
    "decimal_position": "2",
    "iso_alpha2": "KP",
    "iso_alpha3": "PRK",
    "iso_numeric": 408,
    "currency_status": 0,
    "date_modified": "2017-10-03 19:08:49"
  },
  {
    "currency_name": "Dollar",
    "currency_code": "USD",
    "currency_symbol": "$",
    "currency_rate": 0,
    "symbol_position": 0,
    "thousand_sign": ",",
    "decimal_sign": ".",
    "decimal_position": "2",
    "iso_alpha2": "MP",
    "iso_alpha3": "MNP",
    "iso_numeric": 580,
    "currency_status": 0,
    "date_modified": "2017-10-03 19:08:49"
  },
  {
    "currency_name": "Krone",
    "currency_code": "NOK",
    "currency_symbol": "kr",
    "currency_rate": 0,
    "symbol_position": 0,
    "thousand_sign": ",",
    "decimal_sign": ".",
    "decimal_position": "2",
    "iso_alpha2": "NO",
    "iso_alpha3": "NOR",
    "iso_numeric": 578,
    "currency_status": 0,
    "date_modified": "2017-10-03 19:08:49"
  },
  {
    "currency_name": "Rial",
    "currency_code": "OMR",
    "currency_symbol": "﷼",
    "currency_rate": 0,
    "symbol_position": 0,
    "thousand_sign": ",",
    "decimal_sign": ".",
    "decimal_position": "2",
    "iso_alpha2": "OM",
    "iso_alpha3": "OMN",
    "iso_numeric": 512,
    "currency_status": 0,
    "date_modified": "2017-10-03 19:08:49"
  },
  {
    "currency_name": "Rupee",
    "currency_code": "PKR",
    "currency_symbol": "₨",
    "currency_rate": 0,
    "symbol_position": 0,
    "thousand_sign": ",",
    "decimal_sign": ".",
    "decimal_position": "2",
    "iso_alpha2": "PK",
    "iso_alpha3": "PAK",
    "iso_numeric": 586,
    "currency_status": 0,
    "date_modified": "2017-10-03 19:08:49"
  },
  {
    "currency_name": "Dollar",
    "currency_code": "USD",
    "currency_symbol": "$",
    "currency_rate": 0,
    "symbol_position": 0,
    "thousand_sign": ",",
    "decimal_sign": ".",
    "decimal_position": "2",
    "iso_alpha2": "PW",
    "iso_alpha3": "PLW",
    "iso_numeric": 585,
    "currency_status": 0,
    "date_modified": "2017-10-03 19:08:49"
  },
  {
    "currency_name": "Shekel",
    "currency_code": "ILS",
    "currency_symbol": "₪",
    "currency_rate": 0,
    "symbol_position": 0,
    "thousand_sign": ",",
    "decimal_sign": ".",
    "decimal_position": "2",
    "iso_alpha2": "PS",
    "iso_alpha3": "PSE",
    "iso_numeric": 275,
    "currency_status": 0,
    "date_modified": "2017-10-03 19:08:49"
  },
  {
    "currency_name": "Balboa",
    "currency_code": "PAB",
    "currency_symbol": "B/.",
    "currency_rate": 0,
    "symbol_position": 0,
    "thousand_sign": ",",
    "decimal_sign": ".",
    "decimal_position": "2",
    "iso_alpha2": "PA",
    "iso_alpha3": "PAN",
    "iso_numeric": 591,
    "currency_status": 0,
    "date_modified": "2017-10-03 19:08:49"
  },
  {
    "currency_name": "Kina",
    "currency_code": "PGK",
    "currency_symbol": "",
    "currency_rate": 0,
    "symbol_position": 0,
    "thousand_sign": ",",
    "decimal_sign": ".",
    "decimal_position": "2",
    "iso_alpha2": "PG",
    "iso_alpha3": "PNG",
    "iso_numeric": 598,
    "currency_status": 0,
    "date_modified": "2017-10-03 19:08:49"
  },
  {
    "currency_name": "Guarani",
    "currency_code": "PYG",
    "currency_symbol": "Gs",
    "currency_rate": 0,
    "symbol_position": 0,
    "thousand_sign": ",",
    "decimal_sign": ".",
    "decimal_position": "2",
    "iso_alpha2": "PY",
    "iso_alpha3": "PRY",
    "iso_numeric": 600,
    "currency_status": 0,
    "date_modified": "2017-10-03 19:08:49"
  },
  {
    "currency_name": "Sol",
    "currency_code": "PEN",
    "currency_symbol": "S/.",
    "currency_rate": 0,
    "symbol_position": 0,
    "thousand_sign": ",",
    "decimal_sign": ".",
    "decimal_position": "2",
    "iso_alpha2": "PE",
    "iso_alpha3": "PER",
    "iso_numeric": 604,
    "currency_status": 0,
    "date_modified": "2017-10-03 19:08:49"
  },
  {
    "currency_name": "Peso",
    "currency_code": "PHP",
    "currency_symbol": "Php",
    "currency_rate": 0,
    "symbol_position": 0,
    "thousand_sign": ",",
    "decimal_sign": ".",
    "decimal_position": "2",
    "iso_alpha2": "PH",
    "iso_alpha3": "PHL",
    "iso_numeric": 608,
    "currency_status": 0,
    "date_modified": "2017-10-03 19:08:49"
  },
  {
    "currency_name": "Dollar",
    "currency_code": "NZD",
    "currency_symbol": "$",
    "currency_rate": 0,
    "symbol_position": 0,
    "thousand_sign": ",",
    "decimal_sign": ".",
    "decimal_position": "2",
    "iso_alpha2": "PN",
    "iso_alpha3": "PCN",
    "iso_numeric": 612,
    "currency_status": 0,
    "date_modified": "2017-10-03 19:08:49"
  },
  {
    "currency_name": "Zloty",
    "currency_code": "PLN",
    "currency_symbol": "zł",
    "currency_rate": 0,
    "symbol_position": 0,
    "thousand_sign": ",",
    "decimal_sign": ".",
    "decimal_position": "2",
    "iso_alpha2": "PL",
    "iso_alpha3": "POL",
    "iso_numeric": 616,
    "currency_status": 0,
    "date_modified": "2017-10-03 19:08:49"
  },
  {
    "currency_name": "Euro",
    "currency_code": "EUR",
    "currency_symbol": "€",
    "currency_rate": 0,
    "symbol_position": 0,
    "thousand_sign": ",",
    "decimal_sign": ".",
    "decimal_position": "2",
    "iso_alpha2": "PT",
    "iso_alpha3": "PRT",
    "iso_numeric": 620,
    "currency_status": 0,
    "date_modified": "2017-10-03 19:08:49"
  },
  {
    "currency_name": "Dollar",
    "currency_code": "USD",
    "currency_symbol": "$",
    "currency_rate": 0,
    "symbol_position": 0,
    "thousand_sign": ",",
    "decimal_sign": ".",
    "decimal_position": "2",
    "iso_alpha2": "PR",
    "iso_alpha3": "PRI",
    "iso_numeric": 630,
    "currency_status": 0,
    "date_modified": "2017-10-03 19:08:49"
  },
  {
    "currency_name": "Rial",
    "currency_code": "QAR",
    "currency_symbol": "﷼",
    "currency_rate": 0,
    "symbol_position": 0,
    "thousand_sign": ",",
    "decimal_sign": ".",
    "decimal_position": "2",
    "iso_alpha2": "QA",
    "iso_alpha3": "QAT",
    "iso_numeric": 634,
    "currency_status": 0,
    "date_modified": "2017-10-03 19:08:49"
  },
  {
    "currency_name": "Franc",
    "currency_code": "XAF",
    "currency_symbol": "FCF",
    "currency_rate": 0,
    "symbol_position": 0,
    "thousand_sign": ",",
    "decimal_sign": ".",
    "decimal_position": "2",
    "iso_alpha2": "CG",
    "iso_alpha3": "COG",
    "iso_numeric": 178,
    "currency_status": 0,
    "date_modified": "2017-10-03 19:08:49"
  },
  {
    "currency_name": "Euro",
    "currency_code": "EUR",
    "currency_symbol": "€",
    "currency_rate": 0,
    "symbol_position": 0,
    "thousand_sign": ",",
    "decimal_sign": ".",
    "decimal_position": "2",
    "iso_alpha2": "RE",
    "iso_alpha3": "REU",
    "iso_numeric": 638,
    "currency_status": 0,
    "date_modified": "2017-10-03 19:08:49"
  },
  {
    "currency_name": "Leu",
    "currency_code": "RON",
    "currency_symbol": "lei",
    "currency_rate": 0,
    "symbol_position": 0,
    "thousand_sign": ",",
    "decimal_sign": ".",
    "decimal_position": "2",
    "iso_alpha2": "RO",
    "iso_alpha3": "ROU",
    "iso_numeric": 642,
    "currency_status": 0,
    "date_modified": "2017-10-03 19:08:49"
  },
  {
    "currency_name": "Ruble",
    "currency_code": "RUB",
    "currency_symbol": "руб",
    "currency_rate": 0,
    "symbol_position": 0,
    "thousand_sign": ",",
    "decimal_sign": ".",
    "decimal_position": "2",
    "iso_alpha2": "RU",
    "iso_alpha3": "RUS",
    "iso_numeric": 643,
    "currency_status": 0,
    "date_modified": "2017-10-03 19:08:49"
  },
  {
    "currency_name": "Franc",
    "currency_code": "RWF",
    "currency_symbol": "",
    "currency_rate": 0,
    "symbol_position": 0,
    "thousand_sign": ",",
    "decimal_sign": ".",
    "decimal_position": "2",
    "iso_alpha2": "RW",
    "iso_alpha3": "RWA",
    "iso_numeric": 646,
    "currency_status": 0,
    "date_modified": "2017-10-03 19:08:49"
  },
  {
    "currency_name": "Pound",
    "currency_code": "SHP",
    "currency_symbol": "£",
    "currency_rate": 0,
    "symbol_position": 0,
    "thousand_sign": ",",
    "decimal_sign": ".",
    "decimal_position": "2",
    "iso_alpha2": "SH",
    "iso_alpha3": "SHN",
    "iso_numeric": 654,
    "currency_status": 0,
    "date_modified": "2017-10-03 19:08:49"
  },
  {
    "currency_name": "Dollar",
    "currency_code": "XCD",
    "currency_symbol": "$",
    "currency_rate": 0,
    "symbol_position": 0,
    "thousand_sign": ",",
    "decimal_sign": ".",
    "decimal_position": "2",
    "iso_alpha2": "KN",
    "iso_alpha3": "KNA",
    "iso_numeric": 659,
    "currency_status": 0,
    "date_modified": "2017-10-03 19:08:49"
  },
  {
    "currency_name": "Dollar",
    "currency_code": "XCD",
    "currency_symbol": "$",
    "currency_rate": 0,
    "symbol_position": 0,
    "thousand_sign": ",",
    "decimal_sign": ".",
    "decimal_position": "2",
    "iso_alpha2": "LC",
    "iso_alpha3": "LCA",
    "iso_numeric": 662,
    "currency_status": 0,
    "date_modified": "2017-10-03 19:08:49"
  },
  {
    "currency_name": "Euro",
    "currency_code": "EUR",
    "currency_symbol": "€",
    "currency_rate": 0,
    "symbol_position": 0,
    "thousand_sign": ",",
    "decimal_sign": ".",
    "decimal_position": "2",
    "iso_alpha2": "PM",
    "iso_alpha3": "SPM",
    "iso_numeric": 666,
    "currency_status": 0,
    "date_modified": "2017-10-03 19:08:49"
  },
  {
    "currency_name": "Dollar",
    "currency_code": "XCD",
    "currency_symbol": "$",
    "currency_rate": 0,
    "symbol_position": 0,
    "thousand_sign": ",",
    "decimal_sign": ".",
    "decimal_position": "2",
    "iso_alpha2": "VC",
    "iso_alpha3": "VCT",
    "iso_numeric": 670,
    "currency_status": 0,
    "date_modified": "2017-10-03 19:08:49"
  },
  {
    "currency_name": "Tala",
    "currency_code": "WST",
    "currency_symbol": "WS$",
    "currency_rate": 0,
    "symbol_position": 0,
    "thousand_sign": ",",
    "decimal_sign": ".",
    "decimal_position": "2",
    "iso_alpha2": "WS",
    "iso_alpha3": "WSM",
    "iso_numeric": 882,
    "currency_status": 0,
    "date_modified": "2017-10-03 19:08:49"
  },
  {
    "currency_name": "Euro",
    "currency_code": "EUR",
    "currency_symbol": "€",
    "currency_rate": 0,
    "symbol_position": 0,
    "thousand_sign": ",",
    "decimal_sign": ".",
    "decimal_position": "2",
    "iso_alpha2": "SM",
    "iso_alpha3": "SMR",
    "iso_numeric": 674,
    "currency_status": 0,
    "date_modified": "2017-10-03 19:08:49"
  },
  {
    "currency_name": "Dobra",
    "currency_code": "STD",
    "currency_symbol": "Db",
    "currency_rate": 0,
    "symbol_position": 0,
    "thousand_sign": ",",
    "decimal_sign": ".",
    "decimal_position": "2",
    "iso_alpha2": "ST",
    "iso_alpha3": "STP",
    "iso_numeric": 678,
    "currency_status": 0,
    "date_modified": "2017-10-03 19:08:49"
  },
  {
    "currency_name": "Rial",
    "currency_code": "SAR",
    "currency_symbol": "﷼",
    "currency_rate": 0,
    "symbol_position": 0,
    "thousand_sign": ",",
    "decimal_sign": ".",
    "decimal_position": "2",
    "iso_alpha2": "SA",
    "iso_alpha3": "SAU",
    "iso_numeric": 682,
    "currency_status": 0,
    "date_modified": "2017-10-03 19:08:49"
  },
  {
    "currency_name": "Franc",
    "currency_code": "XOF",
    "currency_symbol": "",
    "currency_rate": 0,
    "symbol_position": 0,
    "thousand_sign": ",",
    "decimal_sign": ".",
    "decimal_position": "2",
    "iso_alpha2": "SN",
    "iso_alpha3": "SEN",
    "iso_numeric": 686,
    "currency_status": 0,
    "date_modified": "2017-10-03 19:08:49"
  },
  {
    "currency_name": "Dinar",
    "currency_code": "RSD",
    "currency_symbol": "Дин",
    "currency_rate": 0,
    "symbol_position": 0,
    "thousand_sign": ",",
    "decimal_sign": ".",
    "decimal_position": "2",
    "iso_alpha2": "CS",
    "iso_alpha3": "SCG",
    "iso_numeric": 891,
    "currency_status": 0,
    "date_modified": "2017-10-03 19:08:49"
  },
  {
    "currency_name": "Rupee",
    "currency_code": "SCR",
    "currency_symbol": "₨",
    "currency_rate": 0,
    "symbol_position": 0,
    "thousand_sign": ",",
    "decimal_sign": ".",
    "decimal_position": "2",
    "iso_alpha2": "SC",
    "iso_alpha3": "SYC",
    "iso_numeric": 690,
    "currency_status": 0,
    "date_modified": "2017-10-03 19:08:49"
  },
  {
    "currency_name": "Leone",
    "currency_code": "SLL",
    "currency_symbol": "Le",
    "currency_rate": 0,
    "symbol_position": 0,
    "thousand_sign": ",",
    "decimal_sign": ".",
    "decimal_position": "2",
    "iso_alpha2": "SL",
    "iso_alpha3": "SLE",
    "iso_numeric": 694,
    "currency_status": 0,
    "date_modified": "2017-10-03 19:08:49"
  },
  {
    "currency_name": "Dollar",
    "currency_code": "SGD",
    "currency_symbol": "$",
    "currency_rate": 0,
    "symbol_position": 0,
    "thousand_sign": ",",
    "decimal_sign": ".",
    "decimal_position": "2",
    "iso_alpha2": "SG",
    "iso_alpha3": "SGP",
    "iso_numeric": 702,
    "currency_status": 0,
    "date_modified": "2017-10-03 19:08:49"
  },
  {
    "currency_name": "Koruna",
    "currency_code": "SKK",
    "currency_symbol": "Sk",
    "currency_rate": 0,
    "symbol_position": 0,
    "thousand_sign": ",",
    "decimal_sign": ".",
    "decimal_position": "2",
    "iso_alpha2": "SK",
    "iso_alpha3": "SVK",
    "iso_numeric": 703,
    "currency_status": 0,
    "date_modified": "2017-10-03 19:08:49"
  },
  {
    "currency_name": "Euro",
    "currency_code": "EUR",
    "currency_symbol": "€",
    "currency_rate": 0,
    "symbol_position": 0,
    "thousand_sign": ",",
    "decimal_sign": ".",
    "decimal_position": "2",
    "iso_alpha2": "SI",
    "iso_alpha3": "SVN",
    "iso_numeric": 705,
    "currency_status": 0,
    "date_modified": "2017-10-03 19:08:49"
  },
  {
    "currency_name": "Dollar",
    "currency_code": "SBD",
    "currency_symbol": "$",
    "currency_rate": 0,
    "symbol_position": 0,
    "thousand_sign": ",",
    "decimal_sign": ".",
    "decimal_position": "2",
    "iso_alpha2": "SB",
    "iso_alpha3": "SLB",
    "iso_numeric": 90,
    "currency_status": 0,
    "date_modified": "2017-10-03 19:08:49"
  },
  {
    "currency_name": "Shilling",
    "currency_code": "SOS",
    "currency_symbol": "S",
    "currency_rate": 0,
    "symbol_position": 0,
    "thousand_sign": ",",
    "decimal_sign": ".",
    "decimal_position": "2",
    "iso_alpha2": "SO",
    "iso_alpha3": "SOM",
    "iso_numeric": 706,
    "currency_status": 0,
    "date_modified": "2017-10-03 19:08:49"
  },
  {
    "currency_name": "Rand",
    "currency_code": "ZAR",
    "currency_symbol": "R",
    "currency_rate": 0,
    "symbol_position": 0,
    "thousand_sign": ",",
    "decimal_sign": ".",
    "decimal_position": "2",
    "iso_alpha2": "ZA",
    "iso_alpha3": "ZAF",
    "iso_numeric": 710,
    "currency_status": 0,
    "date_modified": "2017-10-03 19:08:49"
  },
  {
    "currency_name": "Pound",
    "currency_code": "GBP",
    "currency_symbol": "£",
    "currency_rate": 0,
    "symbol_position": 0,
    "thousand_sign": ",",
    "decimal_sign": ".",
    "decimal_position": "2",
    "iso_alpha2": "GS",
    "iso_alpha3": "SGS",
    "iso_numeric": 239,
    "currency_status": 0,
    "date_modified": "2017-10-03 19:08:49"
  },
  {
    "currency_name": "Won",
    "currency_code": "KRW",
    "currency_symbol": "₩",
    "currency_rate": 0,
    "symbol_position": 0,
    "thousand_sign": ",",
    "decimal_sign": ".",
    "decimal_position": "2",
    "iso_alpha2": "KR",
    "iso_alpha3": "KOR",
    "iso_numeric": 410,
    "currency_status": 0,
    "date_modified": "2017-10-03 19:08:49"
  },
  {
    "currency_name": "Euro",
    "currency_code": "EUR",
    "currency_symbol": "€",
    "currency_rate": 0,
    "symbol_position": 0,
    "thousand_sign": ",",
    "decimal_sign": ".",
    "decimal_position": "2",
    "iso_alpha2": "ES",
    "iso_alpha3": "ESP",
    "iso_numeric": 724,
    "currency_status": 0,
    "date_modified": "2017-10-03 19:08:49"
  },
  {
    "currency_name": "Rupee",
    "currency_code": "LKR",
    "currency_symbol": "₨",
    "currency_rate": 0,
    "symbol_position": 0,
    "thousand_sign": ",",
    "decimal_sign": ".",
    "decimal_position": "2",
    "iso_alpha2": "LK",
    "iso_alpha3": "LKA",
    "iso_numeric": 144,
    "currency_status": 0,
    "date_modified": "2017-10-03 19:08:49"
  },
  {
    "currency_name": "Dinar",
    "currency_code": "SDD",
    "currency_symbol": "",
    "currency_rate": 0,
    "symbol_position": 0,
    "thousand_sign": ",",
    "decimal_sign": ".",
    "decimal_position": "2",
    "iso_alpha2": "SD",
    "iso_alpha3": "SDN",
    "iso_numeric": 736,
    "currency_status": 0,
    "date_modified": "2017-10-03 19:08:49"
  },
  {
    "currency_name": "Dollar",
    "currency_code": "SRD",
    "currency_symbol": "$",
    "currency_rate": 0,
    "symbol_position": 0,
    "thousand_sign": ",",
    "decimal_sign": ".",
    "decimal_position": "2",
    "iso_alpha2": "SR",
    "iso_alpha3": "SUR",
    "iso_numeric": 740,
    "currency_status": 0,
    "date_modified": "2017-10-03 19:08:49"
  },
  {
    "currency_name": "Krone",
    "currency_code": "NOK",
    "currency_symbol": "kr",
    "currency_rate": 0,
    "symbol_position": 0,
    "thousand_sign": ",",
    "decimal_sign": ".",
    "decimal_position": "2",
    "iso_alpha2": "SJ",
    "iso_alpha3": "SJM",
    "iso_numeric": 744,
    "currency_status": 0,
    "date_modified": "2017-10-03 19:08:49"
  },
  {
    "currency_name": "Lilangeni",
    "currency_code": "SZL",
    "currency_symbol": "",
    "currency_rate": 0,
    "symbol_position": 0,
    "thousand_sign": ",",
    "decimal_sign": ".",
    "decimal_position": "2",
    "iso_alpha2": "SZ",
    "iso_alpha3": "SWZ",
    "iso_numeric": 748,
    "currency_status": 0,
    "date_modified": "2017-10-03 19:08:49"
  },
  {
    "currency_name": "Krona",
    "currency_code": "SEK",
    "currency_symbol": "kr",
    "currency_rate": 0,
    "symbol_position": 0,
    "thousand_sign": ",",
    "decimal_sign": ".",
    "decimal_position": "2",
    "iso_alpha2": "SE",
    "iso_alpha3": "SWE",
    "iso_numeric": 752,
    "currency_status": 0,
    "date_modified": "2017-10-03 19:08:49"
  },
  {
    "currency_name": "Franc",
    "currency_code": "CHF",
    "currency_symbol": "CHF",
    "currency_rate": 0,
    "symbol_position": 0,
    "thousand_sign": ",",
    "decimal_sign": ".",
    "decimal_position": "2",
    "iso_alpha2": "CH",
    "iso_alpha3": "CHE",
    "iso_numeric": 756,
    "currency_status": 0,
    "date_modified": "2017-10-03 19:08:49"
  },
  {
    "currency_name": "Pound",
    "currency_code": "SYP",
    "currency_symbol": "£",
    "currency_rate": 0,
    "symbol_position": 0,
    "thousand_sign": ",",
    "decimal_sign": ".",
    "decimal_position": "2",
    "iso_alpha2": "SY",
    "iso_alpha3": "SYR",
    "iso_numeric": 760,
    "currency_status": 0,
    "date_modified": "2017-10-03 19:08:49"
  },
  {
    "currency_name": "Dollar",
    "currency_code": "TWD",
    "currency_symbol": "NT$",
    "currency_rate": 0,
    "symbol_position": 0,
    "thousand_sign": ",",
    "decimal_sign": ".",
    "decimal_position": "2",
    "iso_alpha2": "TW",
    "iso_alpha3": "TWN",
    "iso_numeric": 158,
    "currency_status": 0,
    "date_modified": "2017-10-03 19:08:49"
  },
  {
    "currency_name": "Somoni",
    "currency_code": "TJS",
    "currency_symbol": "",
    "currency_rate": 0,
    "symbol_position": 0,
    "thousand_sign": ",",
    "decimal_sign": ".",
    "decimal_position": "2",
    "iso_alpha2": "TJ",
    "iso_alpha3": "TJK",
    "iso_numeric": 762,
    "currency_status": 0,
    "date_modified": "2017-10-03 19:08:49"
  },
  {
    "currency_name": "Shilling",
    "currency_code": "TZS",
    "currency_symbol": "",
    "currency_rate": 0,
    "symbol_position": 0,
    "thousand_sign": ",",
    "decimal_sign": ".",
    "decimal_position": "2",
    "iso_alpha2": "TZ",
    "iso_alpha3": "TZA",
    "iso_numeric": 834,
    "currency_status": 0,
    "date_modified": "2017-10-03 19:08:49"
  },
  {
    "currency_name": "Baht",
    "currency_code": "THB",
    "currency_symbol": "฿",
    "currency_rate": 0,
    "symbol_position": 0,
    "thousand_sign": ",",
    "decimal_sign": ".",
    "decimal_position": "2",
    "iso_alpha2": "TH",
    "iso_alpha3": "THA",
    "iso_numeric": 764,
    "currency_status": 0,
    "date_modified": "2017-10-03 19:08:49"
  },
  {
    "currency_name": "Franc",
    "currency_code": "XOF",
    "currency_symbol": "",
    "currency_rate": 0,
    "symbol_position": 0,
    "thousand_sign": ",",
    "decimal_sign": ".",
    "decimal_position": "2",
    "iso_alpha2": "TG",
    "iso_alpha3": "TGO",
    "iso_numeric": 768,
    "currency_status": 0,
    "date_modified": "2017-10-03 19:08:49"
  },
  {
    "currency_name": "Dollar",
    "currency_code": "NZD",
    "currency_symbol": "$",
    "currency_rate": 0,
    "symbol_position": 0,
    "thousand_sign": ",",
    "decimal_sign": ".",
    "decimal_position": "2",
    "iso_alpha2": "TK",
    "iso_alpha3": "TKL",
    "iso_numeric": 772,
    "currency_status": 0,
    "date_modified": "2017-10-03 19:08:49"
  },
  {
    "currency_name": "Pa'anga",
    "currency_code": "TOP",
    "currency_symbol": "T$",
    "currency_rate": 0,
    "symbol_position": 0,
    "thousand_sign": ",",
    "decimal_sign": ".",
    "decimal_position": "2",
    "iso_alpha2": "TO",
    "iso_alpha3": "TON",
    "iso_numeric": 776,
    "currency_status": 0,
    "date_modified": "2017-10-03 19:08:49"
  },
  {
    "currency_name": "Dollar",
    "currency_code": "TTD",
    "currency_symbol": "TT$",
    "currency_rate": 0,
    "symbol_position": 0,
    "thousand_sign": ",",
    "decimal_sign": ".",
    "decimal_position": "2",
    "iso_alpha2": "TT",
    "iso_alpha3": "TTO",
    "iso_numeric": 780,
    "currency_status": 0,
    "date_modified": "2017-10-03 19:08:49"
  },
  {
    "currency_name": "Dinar",
    "currency_code": "TND",
    "currency_symbol": "",
    "currency_rate": 0,
    "symbol_position": 0,
    "thousand_sign": ",",
    "decimal_sign": ".",
    "decimal_position": "2",
    "iso_alpha2": "TN",
    "iso_alpha3": "TUN",
    "iso_numeric": 788,
    "currency_status": 0,
    "date_modified": "2017-10-03 19:08:49"
  },
  {
    "currency_name": "Lira",
    "currency_code": "TRY",
    "currency_symbol": "YTL",
    "currency_rate": 0,
    "symbol_position": 0,
    "thousand_sign": ",",
    "decimal_sign": ".",
    "decimal_position": "2",
    "iso_alpha2": "TR",
    "iso_alpha3": "TUR",
    "iso_numeric": 792,
    "currency_status": 0,
    "date_modified": "2017-10-03 19:08:49"
  },
  {
    "currency_name": "Manat",
    "currency_code": "TMM",
    "currency_symbol": "m",
    "currency_rate": 0,
    "symbol_position": 0,
    "thousand_sign": ",",
    "decimal_sign": ".",
    "decimal_position": "2",
    "iso_alpha2": "TM",
    "iso_alpha3": "TKM",
    "iso_numeric": 795,
    "currency_status": 0,
    "date_modified": "2017-10-03 19:08:49"
  },
  {
    "currency_name": "Dollar",
    "currency_code": "USD",
    "currency_symbol": "$",
    "currency_rate": 0,
    "symbol_position": 0,
    "thousand_sign": ",",
    "decimal_sign": ".",
    "decimal_position": "2",
    "iso_alpha2": "TC",
    "iso_alpha3": "TCA",
    "iso_numeric": 796,
    "currency_status": 0,
    "date_modified": "2017-10-03 19:08:49"
  },
  {
    "currency_name": "Dollar",
    "currency_code": "AUD",
    "currency_symbol": "$",
    "currency_rate": 0,
    "symbol_position": 0,
    "thousand_sign": ",",
    "decimal_sign": ".",
    "decimal_position": "2",
    "iso_alpha2": "TV",
    "iso_alpha3": "TUV",
    "iso_numeric": 798,
    "currency_status": 0,
    "date_modified": "2017-10-03 19:08:49"
  },
  {
    "currency_name": "Dollar",
    "currency_code": "USD",
    "currency_symbol": "$",
    "currency_rate": 0,
    "symbol_position": 0,
    "thousand_sign": ",",
    "decimal_sign": ".",
    "decimal_position": "2",
    "iso_alpha2": "VI",
    "iso_alpha3": "VIR",
    "iso_numeric": 850,
    "currency_status": 0,
    "date_modified": "2017-10-03 19:08:49"
  },
  {
    "currency_name": "Shilling",
    "currency_code": "UGX",
    "currency_symbol": "",
    "currency_rate": 0,
    "symbol_position": 0,
    "thousand_sign": ",",
    "decimal_sign": ".",
    "decimal_position": "2",
    "iso_alpha2": "UG",
    "iso_alpha3": "UGA",
    "iso_numeric": 800,
    "currency_status": 0,
    "date_modified": "2017-10-03 19:08:49"
  },
  {
    "currency_name": "Hryvnia",
    "currency_code": "UAH",
    "currency_symbol": "₴",
    "currency_rate": 0,
    "symbol_position": 0,
    "thousand_sign": ",",
    "decimal_sign": ".",
    "decimal_position": "2",
    "iso_alpha2": "UA",
    "iso_alpha3": "UKR",
    "iso_numeric": 804,
    "currency_status": 0,
    "date_modified": "2017-10-03 19:08:49"
  },
  {
    "currency_name": "Dirham",
    "currency_code": "AED",
    "currency_symbol": "",
    "currency_rate": 0,
    "symbol_position": 0,
    "thousand_sign": ",",
    "decimal_sign": ".",
    "decimal_position": "2",
    "iso_alpha2": "AE",
    "iso_alpha3": "ARE",
    "iso_numeric": 784,
    "currency_status": 0,
    "date_modified": "2017-10-03 19:08:49"
  },
  {
    "currency_name": "Pound",
    "currency_code": "GBP",
    "currency_symbol": "£",
    "currency_rate": 0,
    "symbol_position": 0,
    "thousand_sign": ",",
    "decimal_sign": ".",
    "decimal_position": "2",
    "iso_alpha2": "GB",
    "iso_alpha3": "GBR",
    "iso_numeric": 826,
    "currency_status": 1,
    "date_modified": "2017-10-03 19:08:49"
  },
  {
    "currency_name": "Dollar",
    "currency_code": "USD",
    "currency_symbol": "$",
    "currency_rate": 0,
    "symbol_position": 0,
    "thousand_sign": ",",
    "decimal_sign": ".",
    "decimal_position": "2",
    "iso_alpha2": "US",
    "iso_alpha3": "USA",
    "iso_numeric": 840,
    "currency_status": 0,
    "date_modified": "2017-10-03 19:08:49"
  },
  {
    "currency_name": "Dollar ",
    "currency_code": "USD",
    "currency_symbol": "$",
    "currency_rate": 0,
    "symbol_position": 0,
    "thousand_sign": ",",
    "decimal_sign": ".",
    "decimal_position": "2",
    "iso_alpha2": "UM",
    "iso_alpha3": "UMI",
    "iso_numeric": 581,
    "currency_status": 0,
    "date_modified": "2017-10-03 19:08:49"
  },
  {
    "currency_name": "Peso",
    "currency_code": "UYU",
    "currency_symbol": "$U",
    "currency_rate": 0,
    "symbol_position": 0,
    "thousand_sign": ",",
    "decimal_sign": ".",
    "decimal_position": "2",
    "iso_alpha2": "UY",
    "iso_alpha3": "URY",
    "iso_numeric": 858,
    "currency_status": 0,
    "date_modified": "2017-10-03 19:08:49"
  },
  {
    "currency_name": "Som",
    "currency_code": "UZS",
    "currency_symbol": "лв",
    "currency_rate": 0,
    "symbol_position": 0,
    "thousand_sign": ",",
    "decimal_sign": ".",
    "decimal_position": "2",
    "iso_alpha2": "UZ",
    "iso_alpha3": "UZB",
    "iso_numeric": 860,
    "currency_status": 0,
    "date_modified": "2017-10-03 19:08:49"
  },
  {
    "currency_name": "Vatu",
    "currency_code": "VUV",
    "currency_symbol": "Vt",
    "currency_rate": 0,
    "symbol_position": 0,
    "thousand_sign": ",",
    "decimal_sign": ".",
    "decimal_position": "2",
    "iso_alpha2": "VU",
    "iso_alpha3": "VUT",
    "iso_numeric": 548,
    "currency_status": 0,
    "date_modified": "2017-10-03 19:08:49"
  },
  {
    "currency_name": "Euro",
    "currency_code": "EUR",
    "currency_symbol": "€",
    "currency_rate": 0,
    "symbol_position": 0,
    "thousand_sign": ",",
    "decimal_sign": ".",
    "decimal_position": "2",
    "iso_alpha2": "VA",
    "iso_alpha3": "VAT",
    "iso_numeric": 336,
    "currency_status": 0,
    "date_modified": "2017-10-03 19:08:49"
  },
  {
    "currency_name": "Bolivar",
    "currency_code": "VEF",
    "currency_symbol": "Bs",
    "currency_rate": 0,
    "symbol_position": 0,
    "thousand_sign": ",",
    "decimal_sign": ".",
    "decimal_position": "2",
    "iso_alpha2": "VE",
    "iso_alpha3": "VEN",
    "iso_numeric": 862,
    "currency_status": 0,
    "date_modified": "2017-10-03 19:08:49"
  },
  {
    "currency_name": "Dong",
    "currency_code": "VND",
    "currency_symbol": "₫",
    "currency_rate": 0,
    "symbol_position": 0,
    "thousand_sign": ",",
    "decimal_sign": ".",
    "decimal_position": "2",
    "iso_alpha2": "VN",
    "iso_alpha3": "VNM",
    "iso_numeric": 704,
    "currency_status": 0,
    "date_modified": "2017-10-03 19:08:49"
  },
  {
    "currency_name": "Franc",
    "currency_code": "XPF",
    "currency_symbol": "",
    "currency_rate": 0,
    "symbol_position": 0,
    "thousand_sign": ",",
    "decimal_sign": ".",
    "decimal_position": "2",
    "iso_alpha2": "WF",
    "iso_alpha3": "WLF",
    "iso_numeric": 876,
    "currency_status": 0,
    "date_modified": "2017-10-03 19:08:49"
  },
  {
    "currency_name": "Dirham",
    "currency_code": "MAD",
    "currency_symbol": "",
    "currency_rate": 0,
    "symbol_position": 0,
    "thousand_sign": ",",
    "decimal_sign": ".",
    "decimal_position": "2",
    "iso_alpha2": "EH",
    "iso_alpha3": "ESH",
    "iso_numeric": 732,
    "currency_status": 0,
    "date_modified": "2017-10-03 19:08:49"
  },
  {
    "currency_name": "Rial",
    "currency_code": "YER",
    "currency_symbol": "﷼",
    "currency_rate": 0,
    "symbol_position": 0,
    "thousand_sign": ",",
    "decimal_sign": ".",
    "decimal_position": "2",
    "iso_alpha2": "YE",
    "iso_alpha3": "YEM",
    "iso_numeric": 887,
    "currency_status": 0,
    "date_modified": "2017-10-03 19:08:49"
  },
  {
    "currency_name": "Kwacha",
    "currency_code": "ZMK",
    "currency_symbol": "ZK",
    "currency_rate": 0,
    "symbol_position": 0,
    "thousand_sign": ",",
    "decimal_sign": ".",
    "decimal_position": "2",
    "iso_alpha2": "ZM",
    "iso_alpha3": "ZMB",
    "iso_numeric": 894,
    "currency_status": 0,
    "date_modified": "2017-10-03 19:08:49"
  },
  {
    "currency_name": "Dollar",
    "currency_code": "ZWD",
    "currency_symbol": "Z$",
    "currency_rate": 0,
    "symbol_position": 0,
    "thousand_sign": ",",
    "decimal_sign": ".",
    "decimal_position": "2",
    "iso_alpha2": "ZW",
    "iso_alpha3": "ZWE",
    "iso_numeric": 716,
    "currency_status": 0,
    "date_modified": "2017-10-03 19:08:49"
  }
]