[
  {
    "menu_name": "Puff-Puff",
    "menu_description": "Traditional Nigerian donut ball, rolled in sugar",
    "menu_price": 4.99,
    "stock_qty": 1000,
    "minimum_qty": 3,
    "subtract_stock": 1,
    "menu_status": 1,
    "menu_options": [
      "Drinks"
    ]
  },
  {
    "menu_name": "SCOTCH EGG",
    "menu_description": "Boiled egg wrapped in a ground meat mixture, coated in breadcrumbs, and deep-fried.",
    "menu_price": 2,
    "stock_qty": 1000,
    "minimum_qty": 1,
    "subtract_stock": 1,
    "menu_status": 1,
    "menu_options": [
      "Size"
    ]
  },
  {
    "menu_name": "ATA RICE",
    "menu_description": "Small pieces of beef, goat, stipe, and tendon sautéed in crushed green Jamaican pepper.",
    "menu_price": 12,
    "stock_qty": 1000,
    "minimum_qty": 1,
    "subtract_stock": 0,
    "menu_status": 1,
    "menu_options": [
      "Sides",
      "Size"
    ]
  },
  {
    "menu_name": "RICE AND DODO",
    "menu_description": "(plantains) w/chicken, fish, beef or goat",
    "menu_price": 11.99,
    "stock_qty": 1000,
    "minimum_qty": 1,
    "subtract_stock": 1,
    "menu_status": 1,
    "menu_options": [
      "Sides",
      "Size"
    ]
  },
  {
    "menu_name": "Special Shrimp Deluxe",
    "menu_description": "Fresh shrimp sautéed in blended mixture of tomatoes, onion, peppers over choice of rice",
    "menu_price": 12.99,
    "stock_qty": 1000,
    "minimum_qty": 1,
    "subtract_stock": 1,
    "menu_status": 1,
    "menu_options": [
      "Size"
    ]
  },
  {
    "menu_name": "Whole catfish with rice and vegetables",
    "menu_description": "Whole catfish slow cooked in tomatoes, pepper and onion sauce with seasoning to taste",
    "menu_price": 13.99,
    "stock_qty": 1000,
    "minimum_qty": 1,
    "subtract_stock": 1,
    "menu_status": 1
  },
  {
    "menu_name": "African Salad",
    "menu_description": "With baked beans, egg, tuna, onion, tomatoes , green peas and carrot with your choice of dressing.",
    "menu_price": 8.99,
    "stock_qty": 500,
    "minimum_qty": 1,
    "subtract_stock": 0,
    "menu_status": 1
  },
  {
    "menu_name": "Seafood Salad",
    "menu_description": "With shrimp, egg and imitation crab meat",
    "menu_price": 5.99,
    "stock_qty": 1000,
    "minimum_qty": 1,
    "subtract_stock": 0,
    "menu_status": 1
  },
  {
    "menu_name": "EBA",
    "menu_description": "Grated cassava",
    "menu_price": 11.99,
    "stock_qty": 335,
    "minimum_qty": 1,
    "subtract_stock": 1,
    "menu_status": 1
  },
  {
    "menu_name": "AMALA",
    "menu_description": "Yam flour",
    "menu_price": 11.99,
    "stock_qty": 405,
    "minimum_qty": 1,
    "subtract_stock": 1,
    "menu_status": 1,
    "menu_options": [
      "Sides",
      "Drinks"
    ]
  },
  {
    "menu_name": "YAM PORRIDGE",
    "menu_description": "in tomatoes sauce",
    "menu_price": 9.99,
    "stock_qty": 448,
    "minimum_qty": 1,
    "subtract_stock": 1,
    "menu_status": 1
  },
  {
    "menu_name": "Boiled Plantain",
    "menu_description": "w/spinach soup",
    "menu_price": 9.99,
    "stock_qty": 431,
    "minimum_qty": 1,
    "subtract_stock": 1,
    "menu_status": 1
  }
]