[
  {
    "name": "Admin.Banners",
    "description": "Ability to access, manage, add and delete banners",
    "action": "a:4:{i:0;s:6:\"access\";i:1;s:6:\"manage\";i:2;s:3:\"add\";i:3;s:6:\"delete\";}",
    "status": 1,
    "is_custom": 0
  },
  {
    "name": "Admin.Categories",
    "description": "Ability to access, manage, add and delete categories",
    "action": "a:4:{i:0;s:6:\"access\";i:1;s:6:\"manage\";i:2;s:3:\"add\";i:3;s:6:\"delete\";}",
    "status": 1,
    "is_custom": 0
  },
  {
    "name": "Site.Countries",
    "description": "Ability to manage, add and delete site countries",
    "action": "a:4:{i:0;s:6:\"access\";i:1;s:6:\"manage\";i:2;s:3:\"add\";i:3;s:6:\"delete\";}",
    "status": 1,
    "is_custom": 0
  },
  {
    "name": "Admin.Coupons",
    "description": "Ability to access, manage, add and delete coupons",
    "action": "a:4:{i:0;s:6:\"access\";i:1;s:6:\"manage\";i:2;s:3:\"add\";i:3;s:6:\"delete\";}",
    "status": 1,
    "is_custom": 0
  },
  {
    "name": "Site.Currencies",
    "description": "Ability to access, manage, add and delete site currencies",
    "action": "a:4:{i:0;s:6:\"access\";i:1;s:6:\"manage\";i:2;s:3:\"add\";i:3;s:6:\"delete\";}",
    "status": 1,
    "is_custom": 0
  },
  {
    "name": "Admin.CustomerGroups",
    "description": "Ability to access, manage, add and delete customer groups",
    "action": "a:4:{i:0;s:6:\"access\";i:1;s:6:\"manage\";i:2;s:3:\"add\";i:3;s:6:\"delete\";}",
    "status": 1,
    "is_custom": 0
  },
  {
    "name": "Admin.Customers",
    "description": "Ability to access, manage, add and delete customers",
    "action": "a:4:{i:0;s:6:\"access\";i:1;s:6:\"manage\";i:2;s:3:\"add\";i:3;s:6:\"delete\";}",
    "status": 1,
    "is_custom": 0
  },
  {
    "name": "Admin.CustomersOnline",
    "description": "Ability to access online customers",
    "action": "a:4:{i:0;s:6:\"access\";i:1;s:6:\"manage\";i:2;s:3:\"add\";i:3;s:6:\"delete\";}",
    "status": 1,
    "is_custom": 0
  },
  {
    "name": "Admin.Maintenance",
    "description": "Ability to access, backup, restore and migrate database",
    "action": "a:4:{i:0;s:6:\"access\";i:1;s:6:\"manage\";i:2;s:3:\"add\";i:3;s:6:\"delete\";}",
    "status": 1,
    "is_custom": 0
  },
  {
    "name": "Admin.ErrorLogs",
    "description": "Ability to access and delete error logs file",
    "action": "a:4:{i:0;s:6:\"access\";i:1;s:6:\"manage\";i:2;s:3:\"add\";i:3;s:6:\"delete\";}",
    "status": 1,
    "is_custom": 0
  },
  {
    "name": "Admin.Extensions",
    "description": "Ability to access, manage, add and delete extension",
    "action": "a:4:{i:0;s:6:\"access\";i:1;s:6:\"manage\";i:2;s:3:\"add\";i:3;s:6:\"delete\";}",
    "status": 1,
    "is_custom": 0
  },
  {
    "name": "Admin.MediaManager",
    "description": "Ability to access, manage, add and delete media items",
    "action": "a:4:{i:0;s:6:\"access\";i:1;s:6:\"manage\";i:2;s:3:\"add\";i:3;s:6:\"delete\";}",
    "status": 1,
    "is_custom": 0
  },
  {
    "name": "Site.Languages",
    "description": "Ability to manage, add and delete site languages",
    "action": "a:4:{i:0;s:6:\"access\";i:1;s:6:\"manage\";i:2;s:3:\"add\";i:3;s:6:\"delete\";}",
    "status": 1,
    "is_custom": 0
  },
  {
    "name": "Admin.Locations",
    "description": "Ability to access, manage, add and delete locations",
    "action": "a:4:{i:0;s:6:\"access\";i:1;s:6:\"manage\";i:2;s:3:\"add\";i:3;s:6:\"delete\";}",
    "status": 1,
    "is_custom": 0
  },
  {
    "name": "Admin.MailTemplates",
    "description": "Ability to access, manage, add and delete mail templates",
    "action": "a:4:{i:0;s:6:\"access\";i:1;s:6:\"manage\";i:2;s:3:\"add\";i:3;s:6:\"delete\";}",
    "status": 1,
    "is_custom": 0
  },
  {
    "name": "Admin.Menus",
    "description": "Ability to access, manage, add and delete menu items",
    "action": "a:4:{i:0;s:6:\"access\";i:1;s:6:\"manage\";i:2;s:3:\"add\";i:3;s:6:\"delete\";}",
    "status": 1,
    "is_custom": 0
  },
  {
    "name": "Admin.Orders",
    "description": "Ability to access, manage, add and delete orders",
    "action": "a:4:{i:0;s:6:\"access\";i:1;s:6:\"manage\";i:2;s:3:\"add\";i:3;s:6:\"delete\";}",
    "status": 1,
    "is_custom": 0
  },
  {
    "name": "Site.Pages",
    "description": "Ability to manage, add and delete site pages",
    "action": "a:4:{i:0;s:6:\"access\";i:1;s:6:\"manage\";i:2;s:3:\"add\";i:3;s:6:\"delete\";}",
    "status": 1,
    "is_custom": 0
  },
  {
    "name": "Admin.Payments",
    "description": "Ability to access, add and delete extension payments",
    "action": "a:4:{i:0;s:6:\"access\";i:1;s:6:\"manage\";i:2;s:3:\"add\";i:3;s:6:\"delete\";}",
    "status": 1,
    "is_custom": 0
  },
  {
    "name": "Admin.Permissions",
    "description": "Ability to manage, add and delete staffs permissions",
    "action": "a:4:{i:0;s:6:\"access\";i:1;s:6:\"manage\";i:2;s:3:\"add\";i:3;s:6:\"delete\";}",
    "status": 1,
    "is_custom": 0
  },
  {
    "name": "Admin.Reservations",
    "description": "Ability to access, manage, add and delete reservations",
    "action": "a:4:{i:0;s:6:\"access\";i:1;s:6:\"manage\";i:2;s:3:\"add\";i:3;s:6:\"delete\";}",
    "status": 1,
    "is_custom": 0
  },
  {
    "name": "Admin.Reviews",
    "description": "Ability to access, manage, add and delete user reviews",
    "action": "a:4:{i:0;s:6:\"access\";i:1;s:6:\"manage\";i:2;s:3:\"add\";i:3;s:6:\"delete\";}",
    "status": 1,
    "is_custom": 0
  },
  {
    "name": "Site.Settings",
    "description": "Ability to manage system settings",
    "action": "a:4:{i:0;s:6:\"access\";i:1;s:6:\"manage\";i:2;s:3:\"add\";i:3;s:6:\"delete\";}",
    "status": 1,
    "is_custom": 0
  },
  {
    "name": "Admin.StaffGroups",
    "description": "Ability to access, manage, add and delete staff groups",
    "action": "a:4:{i:0;s:6:\"access\";i:1;s:6:\"manage\";i:2;s:3:\"add\";i:3;s:6:\"delete\";}",
    "status": 1,
    "is_custom": 0
  },
  {
    "name": "Admin.Staffs",
    "description": "Ability to access, manage, add and delete staffs",
    "action": "a:4:{i:0;s:6:\"access\";i:1;s:6:\"manage\";i:2;s:3:\"add\";i:3;s:6:\"delete\";}",
    "status": 1,
    "is_custom": 0
  },
  {
    "name": "Admin.Statuses",
    "description": "Ability to access, manage, add and delete orders and reservations statuses",
    "action": "a:4:{i:0;s:6:\"access\";i:1;s:6:\"manage\";i:2;s:3:\"add\";i:3;s:6:\"delete\";}",
    "status": 1,
    "is_custom": 0
  },
  {
    "name": "Admin.Tables",
    "description": "Ability to access, manage, add and delete reservations tables",
    "action": "a:4:{i:0;s:6:\"access\";i:1;s:6:\"manage\";i:2;s:3:\"add\";i:3;s:6:\"delete\";}",
    "status": 1,
    "is_custom": 0
  },
  {
    "name": "Site.Themes",
    "description": "Ability to access, manage site themes",
    "action": "a:4:{i:0;s:6:\"access\";i:1;s:6:\"manage\";i:2;s:3:\"add\";i:3;s:6:\"delete\";}",
    "status": 1,
    "is_custom": 0
  },
  {
    "name": "Site.Updates",
    "description": "Ability to apply updates when a new version of TastyIgniter is available",
    "action": "a:1:{i:0;s:3:\"add\";}",
    "status": 1,
    "is_custom": 0
  },
  {
    "name": "Admin.Mealtimes",
    "description": "Ability to access, manage, add and delete mealtimes",
    "action": "a:4:{i:0;s:6:\"access\";i:1;s:6:\"manage\";i:2;s:3:\"add\";i:3;s:6:\"delete\";}",
    "status": 1,
    "is_custom": 0
  },
  {
    "name": "Admin.Activities",
    "description": "Ability to access activities",
    "action": "a:4:{i:0;s:6:\"access\";i:1;s:6:\"manage\";i:2;s:3:\"add\";i:3;s:6:\"delete\";}",
    "status": 1,
    "is_custom": 0
  }
]